,TOTAL UNITS,RESIDENTIAL UNITS,COMMERCIAL UNITS,LAND SQUARE FEET,GROSS SQUARE FEET,SALE PRICE,NEIGHBORHOOD
0,1,1,0,1883,5200,6500000,ALPHABET CITY            
2,3,3,0,2381,3084,2900000,ALPHABET CITY            
3,3,3,0,2381,3084,2900000,ALPHABET CITY            
5,4,4,0,2084,2917,3100000,ALPHABET CITY            
6,29,26,3,3772,16679,14550000,ALPHABET CITY            
9,5,5,0,2169,3728,800000,ALPHABET CITY            
10,4,4,0,2413,3155,4300000,ALPHABET CITY            
11,22,20,2,3481,14588,10500000,ALPHABET CITY            
12,17,14,3,2623,8385,5700000,ALPHABET CITY            
15,35,34,1,2404,33130,800265,ALPHABET CITY            
17,13,13,0,2382,15089,8571429,ALPHABET CITY            
18,18,17,1,1909,8441,1373501,ALPHABET CITY            
21,16,16,0,2472,14976,7400000,ALPHABET CITY            
22,17,15,2,2581,7246,6950000,ALPHABET CITY            
23,45,41,4,6412,24534,18330000,ALPHABET CITY            
24,93,93,0,62591,127950,92228571,ALPHABET CITY            
26,50,48,2,10513,43520,31500000,ALPHABET CITY            
43,18,18,0,2306,9379,3312459,ALPHABET CITY            
77,48,48,0,5160,23172,339000,ALPHABET CITY            
131,1,0,1,2366,2250,4700000,ALPHABET CITY            
134,1,1,0,1533,4151,7732344,CHELSEA                  
137,1,1,0,1588,5653,9500000,CHELSEA                  
139,2,2,0,2700,4562,7425000,CHELSEA                  
140,3,2,1,2300,7500,9350000,CHELSEA                  
142,2,2,0,1393,2340,7000000,CHELSEA                  
143,3,2,1,2581,4907,6200000,CHELSEA                  
144,3,3,0,1533,3392,332500,CHELSEA                  
145,1,1,0,1778,5334,8500000,CHELSEA                  
147,17,16,1,2001,8625,16150000,CHELSEA                  
148,16,15,1,2001,8625,19350000,CHELSEA                  
150,5,5,0,1026,3920,5550000,CHELSEA                  
151,22,22,0,2050,7980,8500000,CHELSEA                  
154,1,1,0,1580,4019,16000000,CHELSEA                  
155,7,7,0,1547,4150,4887500,CHELSEA                  
158,33,29,4,8150,20161,105000000,CHELSEA                  
160,18,18,0,2300,9864,10000000,CHELSEA                  
161,5,5,0,1041,4400,6150000,CHELSEA                  
164,33,33,0,2300,5238,4900000,CHELSEA                  
165,19,19,0,2300,7500,13350000,CHELSEA                  
169,4,4,0,2057,3042,10,CHELSEA                  
174,17,16,1,3000,7970,3000000,CHELSEA                  
175,24,22,2,2581,13056,13000000,CHELSEA                  
177,4,4,0,1320,5720,7050000,CHELSEA                  
178,17,17,0,3019,11660,21472000,CHELSEA                  
185,31,28,3,7281,34345,37570000,CHELSEA                  
186,31,28,3,7281,34345,6630000,CHELSEA                  
188,36,36,0,6750,26800,21750000,CHELSEA                  
192,44,43,1,9200,39504,41500000,CHELSEA                  
212,4,4,0,1975,3432,4695000,CHELSEA                  
445,20,18,2,4631,28250,30500000,CHELSEA                  
570,53,53,0,13800,54856,2450000,CHELSEA                  
804,5,4,1,1200,2500,7000000,CHELSEA                  
911,9,0,9,4707,27456,44400000,CHELSEA                  
912,5,0,5,4556,21800,18250000,CHELSEA                  
913,1,0,1,17790,108768,335000000,CHELSEA                  
916,14,0,14,8305,108000,82500000,CHELSEA                  
917,2,0,2,23000,46000,205000000,CHELSEA                  
919,1,0,1,4600,4600,20213107,CHELSEA                  
920,1,0,1,5425,5425,45000000,CHELSEA                  
921,3,0,3,19750,19678,24726000,CHELSEA                  
922,1,0,1,17438,17342,47604492,CHELSEA                  
928,2,1,1,4337,18591,28500000,CHELSEA                  
929,4,3,1,2468,7080,4050000,CHELSEA                  
931,1,0,1,2469,11164,11300000,CHELSEA                  
941,1,0,1,19750,88030,11502000,CHELSEA                  
945,3,1,2,1851,5206,10000000,CHELSEA                  
946,1,0,1,5296,39936,57000000,CHELSEA                  
975,14,11,3,2380,7946,6700000,CHINATOWN                
976,31,16,15,2354,10700,6700000,CHINATOWN                
977,19,18,1,2500,9125,3712500,CHINATOWN                
978,9,8,1,2508,6446,5600000,CHINATOWN                
979,19,18,1,2500,8725,5400000,CHINATOWN                
981,24,22,2,2371,7464,4650000,CHINATOWN                
983,21,20,1,2529,10670,6500000,CHINATOWN                
984,22,20,2,2514,9480,8000000,CHINATOWN                
985,16,15,1,2367,8875,8800000,CHINATOWN                
987,23,22,1,2188,9766,7100000,CHINATOWN                
1109,7,6,1,2500,8985,6500000,CHINATOWN                
1112,2,0,2,2440,7665,4300000,CHINATOWN                
1113,2,0,2,898,1500,1000000,CHINATOWN                
1116,1,0,1,9666,28875,24000000,CHINATOWN                
1117,1,0,1,9825,1810,18750000,CHINATOWN                
1206,115,114,1,9936,138600,65694524,CIVIC CENTER             
1207,395,390,5,21826,620552,262778096,CIVIC CENTER             
1307,60,10,50,10950,41421,50000000,CIVIC CENTER             
1308,4,0,4,1963,1963,17000000,CIVIC CENTER             
1309,2,0,2,5819,15000,27636670,CIVIC CENTER             
1310,2,0,2,5137,15000,37018593,CIVIC CENTER             
1311,5,0,5,4567,14445,21000000,CIVIC CENTER             
1325,3,3,0,2092,4240,3500000,CLINTON                  
1326,13,13,0,2510,6640,10650000,CLINTON                  
1327,9,7,2,2510,5990,6425000,CLINTON                  
1329,9,8,1,1725,7060,7000000,CLINTON                  
1330,9,8,1,1725,6950,7000000,CLINTON                  
1331,18,18,0,2410,9566,5750000,CLINTON                  
1332,9,8,1,1410,5362,7000000,CLINTON                  
1333,8,7,1,1883,5939,4200000,CLINTON                  
1334,10,10,0,2510,8800,10000000,CLINTON                  
1336,5,5,0,2092,4428,4150000,CLINTON                  
1337,5,5,0,2092,4120,4150000,CLINTON                  
1338,20,20,0,2500,10120,550000,CLINTON                  
1344,120,114,6,9875,64662,27816750,CLINTON                  
1345,53,53,0,7515,32665,3933150,CLINTON                  
1348,41,38,3,7540,37000,32300000,CLINTON                  
1650,2,0,2,5021,11042,12750000,CLINTON                  
1653,1,0,1,10042,61700,16500000,CLINTON                  
1655,1,0,1,105050,162307,115000000,CLINTON                  
1656,1,0,1,4014,1280,10937422,CLINTON                  
1657,1,0,1,4375,4375,5202762,CLINTON                  
1659,1,0,1,2510,2500,5500000,CLINTON                  
1661,2,0,2,45187,387619,255500000,CLINTON                  
1662,2,0,2,6025,28625,15000000,CLINTON                  
1664,2,0,2,5021,24105,11250000,CLINTON                  
1667,1,0,1,7213,29750,4000000,CLINTON                  
1668,3,0,3,17171,6337,1,CLINTON                  
1669,3,0,3,17171,6337,1,CLINTON                  
1681,3,2,1,2504,3959,4750000,EAST VILLAGE             
1682,2,2,0,972,3440,7606000,EAST VILLAGE             
1683,4,4,0,2116,3900,5000000,EAST VILLAGE             
1684,18,16,2,2271,8236,7088908,EAST VILLAGE             
1685,30,27,3,4095,16392,21900000,EAST VILLAGE             
1686,7,7,0,2306,4578,5950000,EAST VILLAGE             
1687,9,5,4,3384,9384,9937500,EAST VILLAGE             
1690,20,20,0,2504,9135,13603448,EAST VILLAGE             
1692,15,15,0,2504,10710,6100000,EAST VILLAGE             
1695,18,17,1,2425,7250,28100000,EAST VILLAGE             
1699,20,20,0,2499,9425,9900000,EAST VILLAGE             
1700,10,8,2,1557,6226,5500000,EAST VILLAGE             
1702,31,24,7,4696,18570,18500000,EAST VILLAGE             
1704,10,8,2,1854,8075,6525000,EAST VILLAGE             
1708,19,19,0,2550,5332,6500000,EAST VILLAGE             
1710,20,20,0,3400,7480,8550000,EAST VILLAGE             
1713,9,8,1,2750,8975,7875000,EAST VILLAGE             
1715,11,10,1,2282,13416,29000000,EAST VILLAGE             
1857,5,4,1,2271,6288,669000,EAST VILLAGE             
1858,7,6,1,2485,8963,1250000,EAST VILLAGE             
1898,4,2,2,2287,7748,9650000,EAST VILLAGE             
1900,1,0,1,2504,7500,4750000,EAST VILLAGE             
1910,20,14,6,2975,13875,25500000,FASHION                  
1993,4,3,1,1115,3689,4150000,FASHION                  
2006,51,0,51,21725,338962,244000000,FASHION                  
2008,6,0,6,24687,48439,28037500,FASHION                  
2009,6,0,6,24687,48439,28037500,FASHION                  
2010,6,0,6,24687,48439,56075000,FASHION                  
2011,5,0,5,2470,13332,15250000,FASHION                  
2013,35,0,35,9875,145372,80180000,FASHION                  
2016,140,0,140,17214,235450,182000000,FASHION                  
2019,11,0,11,3105,20500,38900000,FASHION                  
2020,53,0,53,17725,464951,310000000,FASHION                  
2022,14,0,14,28710,362191,365000000,FASHION                  
2024,20,0,20,4938,60000,36350000,FASHION                  
2025,12,0,12,5184,74020,82000000,FASHION                  
2026,3,1,2,2469,5169,9000000,FASHION                  
2027,1,0,1,3950,3752,30000000,FASHION                  
2028,4,0,4,2472,4800,16300615,FASHION                  
2030,2,0,2,2559,12051,20000000,FASHION                  
2031,2,0,2,2562,8040,16000000,FASHION                  
2032,32,0,32,12220,20164,4000000,FASHION                  
2034,3,0,3,1960,2935,18800000,FASHION                  
2038,2,0,2,2452,2469,1522000,FASHION                  
2039,1,0,1,19931,77760,355000000,FASHION                  
2040,2,0,2,1380,2760,14000000,FASHION                  
2041,3,0,3,2286,6049,18000000,FASHION                  
2043,4,0,4,1942,9000,17350000,FASHION                  
2047,12,0,12,4937,55473,22500000,FASHION                  
2049,6,0,6,2469,10595,13600000,FASHION                  
2051,239,0,239,7406,120639,69628100,FASHION                  
2052,239,0,239,7406,120639,27060000,FASHION                  
2053,2,0,2,2541,10297,7000000,FASHION                  
2054,2,0,2,4906,37213,40930000,FASHION                  
2055,3,0,3,5925,55498,49340000,FASHION                  
2056,1,0,1,4444,51157,63338493,FASHION                  
2058,1,0,1,11525,63135,100000000,FASHION                  
2064,1,0,1,12344,58644,50750000,FASHION                  
2080,61,60,1,6085,57941,52850000,FINANCIAL                
2081,25,24,1,7618,52005,20000000,FINANCIAL                
2083,114,111,3,10060,107243,85300000,FINANCIAL                
2573,5,4,1,1839,7336,1325000,FINANCIAL                
2574,6,4,2,1844,8115,10000000,FINANCIAL                
2575,5,4,1,1163,5800,5800000,FINANCIAL                
2584,22,0,22,13135,361710,173000000,FINANCIAL                
2585,16,0,16,16716,335184,45315974,FINANCIAL                
2589,16,0,16,16716,335184,10885417,FINANCIAL                
2591,1,0,1,42178,1165659,585000000,FINANCIAL                
2593,36,0,36,4319,91358,46000000,FINANCIAL                
2594,6,0,6,42176,973587,197500000,FINANCIAL                
2595,12,0,12,46799,1079361,470000000,FINANCIAL                
2596,52,0,52,20684,527605,5800699,FINANCIAL                
2597,52,0,52,20684,527605,10515194,FINANCIAL                
2598,52,0,52,20684,527605,70802332,FINANCIAL                
2608,2,0,2,8149,47713,100000000,FINANCIAL                
2609,56,0,56,21242,493039,253000000,FINANCIAL                
2612,7,6,1,2287,8500,6598312,FINANCIAL                
2613,2,1,1,2608,7824,9000000,FINANCIAL                
2614,5,4,1,2000,10490,12000000,FINANCIAL                
2615,8,4,4,2058,7800,6400000,FINANCIAL                
2616,2,0,2,6552,58500,24000000,FINANCIAL                
2661,7,7,0,3066,5625,6500000,FLATIRON                 
2663,25,24,1,2375,13065,24726000,FLATIRON                 
2664,32,32,0,2469,14217,13400000,FLATIRON                 
3078,5,1,4,2326,8500,8500000,FLATIRON                 
3079,18,0,18,9875,94075,92500000,FLATIRON                 
3081,28,0,28,9875,103753,103800000,FLATIRON                 
3083,1,0,1,8180,165401,260000000,FLATIRON                 
3084,53,0,53,10350,232133,201500000,FLATIRON                 
3085,1,0,1,2472,2454,6000000,FLATIRON                 
3086,7,0,7,2373,8344,9500000,FLATIRON                 
3087,7,0,7,2622,24684,20000000,FLATIRON                 
3088,9,0,9,4674,43307,3920000,FLATIRON                 
3090,13,0,13,10221,104630,106200000,FLATIRON                 
3091,6,0,6,1664,6285,8900000,FLATIRON                 
3092,1,0,1,2817,11352,22100000,FLATIRON                 
3093,6,0,6,2472,8936,6298500,FLATIRON                 
3094,7,0,7,2472,9104,6451500,FLATIRON                 
3095,6,4,2,1788,10998,13250000,FLATIRON                 
3098,1,0,1,6361,252109,336744890,FLATIRON                 
3100,5,3,2,1564,7200,5500000,FLATIRON                 
3101,1,0,1,2472,8888,6181500,FLATIRON                 
3104,2,0,2,4250,18103,26500000,FLATIRON                 
3117,3,2,1,1310,3144,15650000,GRAMERCY                 
3118,3,3,0,1170,3192,5800000,GRAMERCY                 
3119,12,8,4,2452,12160,8437500,GRAMERCY                 
3121,11,10,1,2670,9073,8000000,GRAMERCY                 
3122,18,16,2,2856,12511,8000000,GRAMERCY                 
3123,24,22,2,2755,12546,13000000,GRAMERCY                 
3125,10,9,1,2763,11356,8500000,GRAMERCY                 
3126,8,7,1,2140,4710,17000000,GRAMERCY                 
3132,20,20,0,2469,9685,8000000,GRAMERCY                 
3133,31,28,3,3703,17569,13000000,GRAMERCY                 
3134,43,43,0,6024,26142,25053000,GRAMERCY                 
3640,7,5,2,1531,6124,6250000,GRAMERCY                 
3641,5,4,1,1975,4660,4400000,GRAMERCY                 
3643,4,2,2,1027,4108,10000000,GRAMERCY                 
3644,8,6,2,2730,8663,10875000,GRAMERCY                 
3673,2,0,2,11599,106453,128000000,GRAMERCY                 
3674,1,0,1,19750,75500,8437500,GRAMERCY                 
3675,1,0,1,19750,75500,135000000,GRAMERCY                 
3676,25,0,25,14250,356330,353851113,GRAMERCY                 
3677,2,1,1,4540,6103,21000000,GRAMERCY                 
3678,5,0,5,2500,7000,14000000,GRAMERCY                 
3681,4,0,4,2765,10356,12100000,GRAMERCY                 
3682,4,0,4,2175,5990,9000000,GRAMERCY                 
3684,6,0,6,3216,37025,39500000,GRAMERCY                 
3685,12,0,12,4115,47490,36500000,GRAMERCY                 
3686,1,0,1,6660,50174,35000000,GRAMERCY                 
3687,1,0,1,5600,33600,50000000,GRAMERCY                 
3693,1,1,0,1000,2380,5676000,GREENWICH VILLAGE-CENTRAL
3697,1,1,0,1420,2960,6670000,GREENWICH VILLAGE-CENTRAL
3698,1,1,0,2307,5178,18250000,GREENWICH VILLAGE-CENTRAL
3699,1,1,0,2085,3696,11500000,GREENWICH VILLAGE-CENTRAL
3700,1,1,0,2021,5040,12000000,GREENWICH VILLAGE-CENTRAL
3702,1,1,0,983,2184,5500000,GREENWICH VILLAGE-CENTRAL
3703,1,1,0,1024,2070,4975000,GREENWICH VILLAGE-CENTRAL
3704,2,2,0,1223,2100,1500000,GREENWICH VILLAGE-CENTRAL
3705,2,2,0,988,1824,1250000,GREENWICH VILLAGE-CENTRAL
3706,2,2,0,1976,3120,9040000,GREENWICH VILLAGE-CENTRAL
3708,3,3,0,2056,5100,9725000,GREENWICH VILLAGE-CENTRAL
3711,9,9,0,1050,4539,6000000,GREENWICH VILLAGE-CENTRAL
3713,15,14,1,1940,7310,11623391,GREENWICH VILLAGE-CENTRAL
3714,8,8,0,2144,6542,8250000,GREENWICH VILLAGE-CENTRAL
3715,11,10,1,2120,7477,10100000,GREENWICH VILLAGE-CENTRAL
3716,12,7,5,3335,10024,22000000,GREENWICH VILLAGE-CENTRAL
3717,9,8,1,2581,11201,29500000,GREENWICH VILLAGE-CENTRAL
3720,16,15,1,2348,9325,6600000,GREENWICH VILLAGE-CENTRAL
3722,8,8,0,1968,5844,14000000,GREENWICH VILLAGE-CENTRAL
3723,10,10,0,2511,8589,21000000,GREENWICH VILLAGE-CENTRAL
3724,60,60,0,9001,37999,5343594,GREENWICH VILLAGE-CENTRAL
3726,4,4,0,2037,5290,11400000,GREENWICH VILLAGE-CENTRAL
3727,99,96,3,14012,86746,91500000,GREENWICH VILLAGE-CENTRAL
3729,20,20,0,5255,16872,27500000,GREENWICH VILLAGE-CENTRAL
3730,25,24,1,4440,20634,22750000,GREENWICH VILLAGE-CENTRAL
4251,18,0,18,16740,127143,157500000,GREENWICH VILLAGE-CENTRAL
4255,2,0,2,6800,34085,56000000,GREENWICH VILLAGE-CENTRAL
4256,6,5,1,3334,6224,17000000,GREENWICH VILLAGE-CENTRAL
4257,7,5,2,2270,13230,7400000,GREENWICH VILLAGE-CENTRAL
4259,4,0,4,2942,2887,13300000,GREENWICH VILLAGE-CENTRAL
4260,5,4,1,2345,6816,13725000,GREENWICH VILLAGE-CENTRAL
4263,2,0,2,4570,12385,8242000,GREENWICH VILLAGE-CENTRAL
4279,3,1,2,2144,4502,10000000,GREENWICH VILLAGE-CENTRAL
4280,1,0,1,3260,14925,26000000,GREENWICH VILLAGE-CENTRAL
4287,1,1,0,1892,3358,7235000,GREENWICH VILLAGE-WEST   
4288,1,1,0,1067,2560,5137500,GREENWICH VILLAGE-WEST   
4290,1,1,0,720,1496,5300000,GREENWICH VILLAGE-WEST   
4291,1,1,0,882,2520,6100000,GREENWICH VILLAGE-WEST   
4292,1,1,0,4226,1400,4500000,GREENWICH VILLAGE-WEST   
4293,1,1,0,1322,3562,11000000,GREENWICH VILLAGE-WEST   
4294,1,1,0,2065,6780,15000000,GREENWICH VILLAGE-WEST   
4295,1,1,0,1044,3000,6000000,GREENWICH VILLAGE-WEST   
4296,1,1,0,1387,2144,4600000,GREENWICH VILLAGE-WEST   
4297,1,1,0,2391,4890,25000000,GREENWICH VILLAGE-WEST   
4298,1,1,0,1487,5200,18140000,GREENWICH VILLAGE-WEST   
4299,1,1,0,989,3466,11000000,GREENWICH VILLAGE-WEST   
4300,2,1,1,500,1656,4000000,GREENWICH VILLAGE-WEST   
4301,1,1,0,711,2844,5925000,GREENWICH VILLAGE-WEST   
4303,1,1,0,2619,7657,14850000,GREENWICH VILLAGE-WEST   
4305,1,1,0,1465,5518,17750000,GREENWICH VILLAGE-WEST   
4307,2,1,1,7397,11889,42500000,GREENWICH VILLAGE-WEST   
4308,1,1,0,1938,6010,21000000,GREENWICH VILLAGE-WEST   
4309,2,2,0,2167,4158,12000000,GREENWICH VILLAGE-WEST   
4311,2,2,0,2100,3780,11250000,GREENWICH VILLAGE-WEST   
4313,2,2,0,2065,4256,9500000,GREENWICH VILLAGE-WEST   
4318,2,2,0,1900,2826,16700000,GREENWICH VILLAGE-WEST   
4319,2,2,0,1900,3852,689661,GREENWICH VILLAGE-WEST   
4320,2,2,0,2942,6650,10500000,GREENWICH VILLAGE-WEST   
4321,2,2,0,1140,3120,6520000,GREENWICH VILLAGE-WEST   
4322,2,2,0,1200,3800,8750000,GREENWICH VILLAGE-WEST   
4323,2,2,0,1240,2800,6250000,GREENWICH VILLAGE-WEST   
4324,2,2,0,1240,2800,6250000,GREENWICH VILLAGE-WEST   
4325,2,2,0,1420,3200,5950000,GREENWICH VILLAGE-WEST   
4326,2,2,0,1076,2448,6500000,GREENWICH VILLAGE-WEST   
4327,2,2,0,1938,3312,10050000,GREENWICH VILLAGE-WEST   
4328,3,3,0,2500,5328,17000000,GREENWICH VILLAGE-WEST   
4329,3,3,0,1600,4360,6615000,GREENWICH VILLAGE-WEST   
4330,3,3,0,835,2584,5550000,GREENWICH VILLAGE-WEST   
4331,3,3,0,1062,3345,5780000,GREENWICH VILLAGE-WEST   
4332,3,3,0,2996,6750,20890000,GREENWICH VILLAGE-WEST   
4335,5,5,0,2167,3381,10200000,GREENWICH VILLAGE-WEST   
4336,6,6,0,2100,3792,12200000,GREENWICH VILLAGE-WEST   
4337,25,24,1,3200,13110,15200000,GREENWICH VILLAGE-WEST   
4338,14,12,2,3212,14295,24000000,GREENWICH VILLAGE-WEST   
4339,4,4,0,2231,6135,9000000,GREENWICH VILLAGE-WEST   
4340,10,10,0,5450,9941,19200000,GREENWICH VILLAGE-WEST   
4344,14,14,0,1372,4789,12126000,GREENWICH VILLAGE-WEST   
4349,19,16,3,2437,9295,10500000,GREENWICH VILLAGE-WEST   
4351,24,22,2,2296,11016,9100000,GREENWICH VILLAGE-WEST   
4352,20,20,0,2407,9530,9300000,GREENWICH VILLAGE-WEST   
4353,15,15,0,2557,7590,9450000,GREENWICH VILLAGE-WEST   
4354,4,4,0,1113,3700,12500000,GREENWICH VILLAGE-WEST   
4355,4,4,0,1113,3700,9892500,GREENWICH VILLAGE-WEST   
4358,12,11,1,2080,4864,9350000,GREENWICH VILLAGE-WEST   
4359,7,6,1,956,4020,10175000,GREENWICH VILLAGE-WEST   
4732,5,3,2,1610,3900,7000000,GREENWICH VILLAGE-WEST   
4735,4,3,1,934,3160,725000,GREENWICH VILLAGE-WEST   
4736,7,6,1,1720,6160,6600000,GREENWICH VILLAGE-WEST   
4801,3,0,3,2450,6955,11319727,GREENWICH VILLAGE-WEST   
4802,2,0,2,10325,41890,190031704,GREENWICH VILLAGE-WEST   
4803,3,0,3,1875,3483,7000000,GREENWICH VILLAGE-WEST   
4806,2,0,2,8200,9428,37215188,GREENWICH VILLAGE-WEST   
4810,2,0,2,1025,2880,4500000,GREENWICH VILLAGE-WEST   
4811,4,0,4,2910,3075,17000000,GREENWICH VILLAGE-WEST   
4813,6,2,4,2775,5570,13500000,GREENWICH VILLAGE-WEST   
4816,38,38,0,10769,124000,105000000,GREENWICH VILLAGE-WEST   
4820,1,0,1,9021,18196,26000000,GREENWICH VILLAGE-WEST   
4825,2,1,1,4270,10524,45000000,GREENWICH VILLAGE-WEST   
4838,1,1,0,1998,6000,2775000,HARLEM-CENTRAL           
4841,1,1,0,1699,3968,2750000,HARLEM-CENTRAL           
4843,1,1,0,1998,3933,2345000,HARLEM-CENTRAL           
4844,1,1,0,1815,3620,3075000,HARLEM-CENTRAL           
4847,1,1,0,1600,3952,2825000,HARLEM-CENTRAL           
4849,2,2,0,780,2224,994000,HARLEM-CENTRAL           
4851,3,2,1,1350,3600,2200000,HARLEM-CENTRAL           
4853,2,2,0,2498,3531,1708000,HARLEM-CENTRAL           
4854,2,2,0,1231,3200,2200000,HARLEM-CENTRAL           
4855,2,2,0,1716,2750,1300000,HARLEM-CENTRAL           
4857,2,2,0,1716,3150,2700000,HARLEM-CENTRAL           
4858,2,2,0,2018,5230,3375000,HARLEM-CENTRAL           
4859,2,2,0,1665,3200,1900000,HARLEM-CENTRAL           
4860,2,2,0,1465,2199,1180000,HARLEM-CENTRAL           
4861,3,2,1,919,2600,1225000,HARLEM-CENTRAL           
4862,2,2,0,1514,4260,2850000,HARLEM-CENTRAL           
4864,2,2,0,1699,3400,1125000,HARLEM-CENTRAL           
4865,2,2,0,1799,3600,2250000,HARLEM-CENTRAL           
4866,2,2,0,1699,3436,877000,HARLEM-CENTRAL           
4867,2,2,0,1699,3436,172652,HARLEM-CENTRAL           
4868,2,2,0,1699,3436,172652,HARLEM-CENTRAL           
4870,2,2,0,1599,3200,1650000,HARLEM-CENTRAL           
4876,2,2,0,1499,3000,2325000,HARLEM-CENTRAL           
4878,2,2,0,1499,3000,1100000,HARLEM-CENTRAL           
4879,2,2,0,1700,3564,3200000,HARLEM-CENTRAL           
4880,2,2,0,1870,4216,1985000,HARLEM-CENTRAL           
4882,2,2,0,3033,8100,3750000,HARLEM-CENTRAL           
4885,3,3,0,2498,2360,397500,HARLEM-CENTRAL           
4888,3,3,0,2018,4900,2832500,HARLEM-CENTRAL           
4889,3,3,0,2018,3588,3350000,HARLEM-CENTRAL           
4890,3,3,0,1973,3280,2100000,HARLEM-CENTRAL           
4891,3,3,0,1499,2250,725000,HARLEM-CENTRAL           
4892,3,3,0,1873,4200,1825000,HARLEM-CENTRAL           
4893,3,3,0,1514,3600,2500000,HARLEM-CENTRAL           
4895,3,3,0,1682,2499,1400000,HARLEM-CENTRAL           
4897,3,3,0,1699,4352,1925000,HARLEM-CENTRAL           
4899,1,1,0,1800,3756,2900000,HARLEM-CENTRAL           
4908,7,7,0,1817,2841,1657500,HARLEM-CENTRAL           
4912,8,8,0,1817,3128,1660000,HARLEM-CENTRAL           
4914,6,6,0,2018,3744,1840000,HARLEM-CENTRAL           
4915,6,6,0,1716,2598,2200000,HARLEM-CENTRAL           
4916,8,8,0,1892,4508,850000,HARLEM-CENTRAL           
4918,4,4,0,1898,4560,1800000,HARLEM-CENTRAL           
4922,19,18,1,4996,20718,3300000,HARLEM-CENTRAL           
4932,10,10,0,1998,3752,800000,HARLEM-CENTRAL           
4933,8,8,0,3495,6842,5000000,HARLEM-CENTRAL           
4939,4,4,0,1249,1908,1355000,HARLEM-CENTRAL           
4940,30,30,0,3330,12150,7500000,HARLEM-CENTRAL           
4943,10,10,0,2018,5580,2150000,HARLEM-CENTRAL           
4944,4,4,0,1440,2700,2350000,HARLEM-CENTRAL           
4945,8,7,1,1682,6048,6675000,HARLEM-CENTRAL           
4947,5,5,0,1600,4180,10,HARLEM-CENTRAL           
4948,5,5,0,1600,4180,15000,HARLEM-CENTRAL           
4950,4,4,0,1998,2760,1270000,HARLEM-CENTRAL           
4951,4,4,0,2498,7230,2737100,HARLEM-CENTRAL           
4952,4,4,0,2498,7230,100,HARLEM-CENTRAL           
4954,19,16,3,2400,10965,4420500,HARLEM-CENTRAL           
4955,4,4,0,1110,3375,1590000,HARLEM-CENTRAL           
4957,10,10,0,3784,14510,2100000,HARLEM-CENTRAL           
4959,11,9,2,2595,9624,2300000,HARLEM-CENTRAL           
4960,9,9,0,1810,2691,1440000,HARLEM-CENTRAL           
4961,10,10,0,2018,6565,2800000,HARLEM-CENTRAL           
4962,41,35,6,10647,46080,17300000,HARLEM-CENTRAL           
4964,10,10,0,1917,3255,1200000,HARLEM-CENTRAL           
4965,12,12,0,3532,13650,3132216,HARLEM-CENTRAL           
4966,6,6,0,2018,3885,2501000,HARLEM-CENTRAL           
4968,7,7,0,1716,2805,260000,HARLEM-CENTRAL           
4971,11,11,0,1499,2286,750000,HARLEM-CENTRAL           
4972,10,10,0,1665,2697,500000,HARLEM-CENTRAL           
4973,4,4,0,1549,2442,825000,HARLEM-CENTRAL           
4974,62,52,10,10000,50326,21500000,HARLEM-CENTRAL           
4975,4,4,0,1823,2463,10650000,HARLEM-CENTRAL           
4983,7,7,0,1799,3740,850000,HARLEM-CENTRAL           
4985,4,4,0,1998,3120,1725000,HARLEM-CENTRAL           
4987,11,11,0,1873,2973,725000,HARLEM-CENTRAL           
4988,11,11,0,1665,2499,2950000,HARLEM-CENTRAL           
4989,18,16,2,3744,15130,11551347,HARLEM-CENTRAL           
4992,10,8,2,1869,8845,11250000,HARLEM-CENTRAL           
4994,17,17,0,2498,8205,7600000,HARLEM-CENTRAL           
4999,11,11,0,1649,3438,2200000,HARLEM-CENTRAL           
5000,4,4,0,1665,2789,1700000,HARLEM-CENTRAL           
5001,10,8,2,2000,7715,4600000,HARLEM-CENTRAL           
5002,11,11,0,1682,2499,1950000,HARLEM-CENTRAL           
5006,5,5,0,1615,2640,1125000,HARLEM-CENTRAL           
5011,10,8,2,2592,11765,3750000,HARLEM-CENTRAL           
5012,16,15,1,2500,12833,6700000,HARLEM-CENTRAL           
5014,29,24,5,9983,31689,8136410,HARLEM-CENTRAL           
5015,11,11,0,1665,2499,1150000,HARLEM-CENTRAL           
5016,7,7,0,1682,2561,1043819,HARLEM-CENTRAL           
5017,10,9,1,2500,8855,11676978,HARLEM-CENTRAL           
5021,22,22,0,3747,14175,9165459,HARLEM-CENTRAL           
5024,12,8,4,2500,11045,16643877,HARLEM-CENTRAL           
5030,11,11,0,1549,3796,1354778,HARLEM-CENTRAL           
5031,4,4,0,1549,3796,1650000,HARLEM-CENTRAL           
5032,10,10,0,2523,9630,2820000,HARLEM-CENTRAL           
5033,10,10,0,1781,6235,2300000,HARLEM-CENTRAL           
5035,4,4,0,1615,3836,2400000,HARLEM-CENTRAL           
5036,5,5,0,1615,5760,3500000,HARLEM-CENTRAL           
5038,56,56,0,12490,46965,3991045,HARLEM-CENTRAL           
5039,10,9,1,1869,8750,2850000,HARLEM-CENTRAL           
5044,10,10,0,2765,11105,3350000,HARLEM-CENTRAL           
5059,10,10,0,2498,9275,3350000,HARLEM-CENTRAL           
5060,9,8,1,1875,8331,3500000,HARLEM-CENTRAL           
5061,24,24,0,4996,17910,5000000,HARLEM-CENTRAL           
5063,5,5,0,2598,9800,3200000,HARLEM-CENTRAL           
5064,27,20,7,4000,19546,4650000,HARLEM-CENTRAL           
5065,15,15,0,3747,12890,13300000,HARLEM-CENTRAL           
5071,6,6,0,1699,2702,2225000,HARLEM-CENTRAL           
5073,11,11,0,1998,3654,1900000,HARLEM-CENTRAL           
5074,4,4,0,1898,4476,1100000,HARLEM-CENTRAL           
5075,10,10,0,3231,4842,500000,HARLEM-CENTRAL           
5077,18,18,0,3830,15292,1,HARLEM-CENTRAL           
5078,18,18,0,3830,15292,12350000,HARLEM-CENTRAL           
5079,18,18,0,3830,15292,473334,HARLEM-CENTRAL           
5089,10,10,0,2498,9345,2700000,HARLEM-CENTRAL           
5092,15,15,0,2798,10703,9653552,HARLEM-CENTRAL           
5098,30,28,2,4996,21678,7550000,HARLEM-CENTRAL           
5099,25,23,2,4000,16644,8817537,HARLEM-CENTRAL           
5103,15,13,2,5146,21587,5741549,HARLEM-CENTRAL           
5104,24,20,4,4000,19810,11850000,HARLEM-CENTRAL           
5106,16,16,0,3747,12787,3150000,HARLEM-CENTRAL           
5107,25,25,0,3997,15444,4,HARLEM-CENTRAL           
5108,36,33,3,7727,30624,7900000,HARLEM-CENTRAL           
5110,20,20,0,4080,14554,3600000,HARLEM-CENTRAL           
5112,5,5,0,1799,4068,850000,HARLEM-CENTRAL           
5113,6,6,0,1280,3590,1450000,HARLEM-CENTRAL           
5114,15,13,2,2500,10250,3429000,HARLEM-CENTRAL           
5116,17,14,3,2492,11258,3121000,HARLEM-CENTRAL           
5123,25,25,0,3997,16158,6110000,HARLEM-CENTRAL           
5125,69,67,2,24771,78300,19204238,HARLEM-CENTRAL           
5126,5,5,0,1549,3608,1520000,HARLEM-CENTRAL           
5128,148,146,2,48906,162530,18272800,HARLEM-CENTRAL           
5129,21,21,0,6000,34692,4538798,HARLEM-CENTRAL           
5138,344,341,3,83092,358400,94854653,HARLEM-CENTRAL           
5139,36,30,6,5995,35179,12600000,HARLEM-CENTRAL           
5142,54,53,1,11425,65048,3431932,HARLEM-CENTRAL           
5143,42,38,4,10092,43578,12550000,HARLEM-CENTRAL           
5144,39,31,8,6405,37657,12450000,HARLEM-CENTRAL           
5145,58,58,0,12500,53098,33000000,HARLEM-CENTRAL           
5147,18,16,2,2523,15188,10100000,HARLEM-CENTRAL           
5148,24,24,0,4996,21096,4527011,HARLEM-CENTRAL           
5149,8,8,0,2000,14031,6750000,HARLEM-CENTRAL           
5150,13,13,0,2000,14031,6650000,HARLEM-CENTRAL           
5151,47,46,1,11791,72957,2880000,HARLEM-CENTRAL           
5152,48,48,0,10092,65800,21634275,HARLEM-CENTRAL           
5160,93,92,1,12295,60078,26500000,HARLEM-CENTRAL           
5161,30,30,0,5000,20640,8100000,HARLEM-CENTRAL           
5162,48,48,0,10000,42144,13500000,HARLEM-CENTRAL           
5571,4,3,1,1410,2505,1650000,HARLEM-CENTRAL           
5573,4,3,1,1383,3240,960374,HARLEM-CENTRAL           
5577,5,4,1,2018,6350,2200000,HARLEM-CENTRAL           
5579,6,5,1,2018,5520,86250,HARLEM-CENTRAL           
5581,5,4,1,1088,3060,200000,HARLEM-CENTRAL           
5582,5,4,1,1665,3000,3000000,HARLEM-CENTRAL           
5584,4,2,2,1350,3600,1000000,HARLEM-CENTRAL           
5587,4,3,1,1154,2397,960000,HARLEM-CENTRAL           
5588,4,3,1,1883,3705,3250000,HARLEM-CENTRAL           
5664,1,0,1,4800,28800,10542000,HARLEM-CENTRAL           
5666,3,3,0,1716,2750,2425000,HARLEM-CENTRAL           
5667,3,0,3,5046,21040,13800000,HARLEM-CENTRAL           
5668,2,0,2,1275,3772,1650000,HARLEM-CENTRAL           
5674,4,2,2,1410,1260,1122000,HARLEM-CENTRAL           
5675,5,2,3,10790,10598,6325000,HARLEM-CENTRAL           
5676,2,1,1,1499,2250,500000,HARLEM-CENTRAL           
5679,1,0,1,4992,7492,4650000,HARLEM-CENTRAL           
5681,5,0,5,4996,4996,12200000,HARLEM-CENTRAL           
5684,1,0,1,3784,10038,7050000,HARLEM-CENTRAL           
5690,3,0,3,7494,7494,2650000,HARLEM-CENTRAL           
5731,1,0,1,1700,5100,950000,HARLEM-CENTRAL           
5736,1,0,1,1998,2700,1850000,HARLEM-CENTRAL           
5737,1,0,1,2220,3982,1500000,HARLEM-CENTRAL           
5738,1,0,1,3400,6800,4982500,HARLEM-CENTRAL           
5742,1,0,1,10092,20860,10000000,HARLEM-CENTRAL           
5771,2,2,0,2523,2640,1675000,HARLEM-EAST              
5772,3,3,0,2017,3600,1400000,HARLEM-EAST              
5773,3,3,0,1238,3495,2100000,HARLEM-EAST              
5774,3,3,0,1250,3552,2157750,HARLEM-EAST              
5777,3,3,0,1766,3330,1515000,HARLEM-EAST              
5778,3,3,0,2254,3036,1250000,HARLEM-EAST              
5779,3,3,0,1817,2430,875000,HARLEM-EAST              
5780,3,3,0,1682,3600,687443,HARLEM-EAST              
5781,13,12,1,2523,8350,2750000,HARLEM-EAST              
5782,19,19,0,2523,8925,4373833,HARLEM-EAST              
5784,20,20,0,2523,8925,4373833,HARLEM-EAST              
5786,20,20,0,2523,8925,4373833,HARLEM-EAST              
5788,14,13,1,2523,11540,3380000,HARLEM-EAST              
5789,9,8,1,2851,7328,2365000,HARLEM-EAST              
5791,7,7,0,1917,3868,1700000,HARLEM-EAST              
5792,4,4,0,1917,3870,1500000,HARLEM-EAST              
5794,46,40,6,5000,24644,8000000,HARLEM-EAST              
5796,7,6,1,1944,6146,2650000,HARLEM-EAST              
5797,4,4,0,1682,3404,1319662,HARLEM-EAST              
5798,4,4,0,3532,3992,6300000,HARLEM-EAST              
5799,5,5,0,2523,9325,3693500,HARLEM-EAST              
5800,4,4,0,2523,5142,2070000,HARLEM-EAST              
5802,611,600,11,81805,680000,179979918,HARLEM-EAST              
5803,80,77,3,35786,122000,27428571,HARLEM-EAST              
5804,161,160,1,20882,133370,92000000,HARLEM-EAST              
5805,12,12,0,2523,12420,800000,HARLEM-EAST              
5807,43,43,0,10814,47106,16250000,HARLEM-EAST              
5808,24,20,4,3028,14295,8550000,HARLEM-EAST              
5809,17,16,1,2525,16500,7500000,HARLEM-EAST              
5810,23,23,0,4092,20321,5750,HARLEM-EAST              
5811,329,323,6,76700,412985,178147948,HARLEM-EAST              
5813,19,18,1,7592,50908,20500000,HARLEM-EAST              
5814,42,42,0,8747,51546,14400000,HARLEM-EAST              
5826,64,64,0,14129,36000,12539270,HARLEM-EAST              
5884,4,3,1,1615,2880,2000000,HARLEM-EAST              
5885,7,6,1,1143,4590,1420000,HARLEM-EAST              
5886,6,4,2,1360,3570,1875000,HARLEM-EAST              
5890,9,6,3,1474,5400,2250000,HARLEM-EAST              
5891,9,6,3,1896,6516,1510000,HARLEM-EAST              
5892,8,6,2,1875,5151,1707500,HARLEM-EAST              
5893,4,3,1,1600,4080,1200000,HARLEM-EAST              
5894,4,3,1,1649,4390,1500000,HARLEM-EAST              
5895,4,3,1,1665,4760,1450000,HARLEM-EAST              
5928,3,0,3,2250,2190,1750000,HARLEM-EAST              
5930,1,0,1,2525,1976,10210000,HARLEM-EAST              
5934,2,0,2,1190,2000,4750000,HARLEM-EAST              
5935,3,0,3,4385,7560,14750000,HARLEM-EAST              
5936,1,0,1,2523,6600,2200000,HARLEM-EAST              
5966,1,1,0,1799,5810,1896000,HARLEM-UPPER             
5967,1,1,0,1998,4730,10,HARLEM-UPPER             
5968,1,1,0,800,2596,1300000,HARLEM-UPPER             
5970,2,2,0,1898,4104,3100000,HARLEM-UPPER             
5971,2,2,0,2447,3708,2620000,HARLEM-UPPER             
5972,2,2,0,1998,3174,2890000,HARLEM-UPPER             
5973,3,2,1,1950,2223,1400000,HARLEM-UPPER             
5974,2,2,0,1032,3240,2050000,HARLEM-UPPER             
5975,2,2,0,1699,3656,825000,HARLEM-UPPER             
5976,2,2,0,1549,3576,1875000,HARLEM-UPPER             
5977,2,2,0,1500,3000,999000,HARLEM-UPPER             
5978,3,3,0,1799,4652,2350000,HARLEM-UPPER             
5979,3,3,0,1873,3420,1100000,HARLEM-UPPER             
5982,3,3,0,1393,3424,1500000,HARLEM-UPPER             
5983,3,3,0,1549,3488,1817000,HARLEM-UPPER             
5984,3,3,0,1666,3776,800000,HARLEM-UPPER             
5985,3,3,0,1666,3776,800000,HARLEM-UPPER             
5986,3,3,0,1666,3776,10,HARLEM-UPPER             
5991,22,16,6,2998,13712,11850000,HARLEM-UPPER             
5992,6,6,0,1732,2991,815000,HARLEM-UPPER             
5995,10,10,0,1199,2588,675000,HARLEM-UPPER             
5996,10,10,0,1898,3072,2500000,HARLEM-UPPER             
5997,6,6,0,1577,3438,1680000,HARLEM-UPPER             
5998,8,8,0,1873,2739,690000,HARLEM-UPPER             
5999,8,8,0,1873,2739,160000,HARLEM-UPPER             
6002,6,6,0,1474,2616,1010000,HARLEM-UPPER             
6004,6,6,0,1873,2580,720000,HARLEM-UPPER             
6007,4,4,0,1760,4892,1152800,HARLEM-UPPER             
6009,4,4,0,1660,4800,1133800,HARLEM-UPPER             
6011,4,4,0,1580,4800,1813400,HARLEM-UPPER             
6012,14,13,1,2558,11472,2500000,HARLEM-UPPER             
6013,22,21,1,2492,12200,4600000,HARLEM-UPPER             
6014,20,20,0,2500,9615,10150000,HARLEM-UPPER             
6018,4,4,0,2098,4284,1717000,HARLEM-UPPER             
6019,4,4,0,2098,4284,1450000,HARLEM-UPPER             
6020,11,11,0,1499,2472,1685000,HARLEM-UPPER             
6021,7,7,0,1699,2649,1850000,HARLEM-UPPER             
6024,7,7,0,1665,2450,2050000,HARLEM-UPPER             
6025,5,5,0,1665,5585,1950000,HARLEM-UPPER             
6027,21,21,0,4996,17410,24000000,HARLEM-UPPER             
6031,23,17,6,4000,14830,1326832,HARLEM-UPPER             
6040,33,28,5,4996,21395,9950000,HARLEM-UPPER             
6041,6,6,0,2498,3412,1055000,HARLEM-UPPER             
6042,5,5,0,1665,2745,1900000,HARLEM-UPPER             
6043,31,31,0,4996,21600,11500000,HARLEM-UPPER             
6045,6,6,0,16846,3528,1285000,HARLEM-UPPER             
6047,11,11,0,1699,2796,1000000,HARLEM-UPPER             
6048,21,21,0,4163,14010,6700000,HARLEM-UPPER             
6049,21,21,0,4996,17960,3600000,HARLEM-UPPER             
6052,24,24,0,7077,29520,6332500,HARLEM-UPPER             
6053,24,24,0,7494,31674,12300000,HARLEM-UPPER             
6054,86,79,7,12500,99946,32533000,HARLEM-UPPER             
6055,54,46,8,15987,65050,25500000,HARLEM-UPPER             
6056,53,46,7,14988,69876,27000000,HARLEM-UPPER             
6057,9,9,0,2498,9115,2400000,HARLEM-UPPER             
6156,6,5,1,1599,2541,10,HARLEM-UPPER             
6168,1,0,1,5000,9680,6100000,HARLEM-UPPER             
6169,29,28,1,2200,9842,1700000,HARLEM-UPPER             
6173,1,0,1,3921,4100,3100000,HARLEM-UPPER             
6176,1,0,1,1682,3969,1982900,HARLEM-UPPER             
6177,1,0,1,1998,3054,1270000,HARLEM-UPPER             
6178,2,2,0,1392,3260,1100000,HARLEM-WEST              
6179,31,25,6,4950,18630,7000000,HARLEM-WEST              
6180,19,17,2,4000,16382,8500000,HARLEM-WEST              
6181,34,34,0,7150,24465,7000000,HARLEM-WEST              
6183,34,34,0,7200,24105,9000000,HARLEM-WEST              
6184,30,28,2,4925,19956,5000000,HARLEM-WEST              
6185,23,22,1,4992,21768,11595000,HARLEM-WEST              
6186,16,16,0,3997,13765,1,HARLEM-WEST              
6187,20,20,0,3997,13170,4850000,HARLEM-WEST              
6190,36,36,0,7494,31614,7500000,HARLEM-WEST              
6206,1,0,1,1875,1350,1450000,HARLEM-WEST              
6209,1,1,0,2500,2841,485000,INWOOD                   
6210,2,2,0,2494,3906,240000,INWOOD                   
6213,2,2,0,5000,4356,2500000,INWOOD                   
6215,2,2,0,2500,3085,1275000,INWOOD                   
6216,3,3,0,4525,2812,640000,INWOOD                   
6217,21,21,0,3600,12670,1700000,INWOOD                   
6218,20,18,2,3475,14320,2170000,INWOOD                   
6219,19,19,0,3425,13674,2920000,INWOOD                   
6220,48,48,0,15500,42464,6750000,INWOOD                   
6221,52,52,0,15000,47400,8700000,INWOOD                   
6222,10,10,0,2500,9050,2100000,INWOOD                   
6223,10,10,0,2500,9050,1650000,INWOOD                   
6224,10,10,0,2250,9050,3350000,INWOOD                   
6226,40,40,0,11250,30400,6100000,INWOOD                   
6228,21,21,0,7500,22650,7050000,INWOOD                   
6229,22,18,4,7500,22650,5023000,INWOOD                   
6232,36,36,0,7500,25157,4555000,INWOOD                   
6237,31,31,0,6000,18640,14375000,INWOOD                   
6239,17,17,0,3750,12240,2000000,INWOOD                   
6240,31,31,0,7500,20815,9100000,INWOOD                   
6242,25,25,0,5000,19920,5241000,INWOOD                   
6243,25,25,0,5150,18575,3225000,INWOOD                   
6244,21,21,0,5500,19290,4586000,INWOOD                   
6246,72,72,0,19984,77967,12600000,INWOOD                   
6247,32,32,0,6375,25292,4550000,INWOOD                   
6354,4,0,4,9875,9900,4125000,INWOOD                   
6355,4,0,4,8810,10260,3100000,INWOOD                   
6356,2,0,2,15000,8000,4500000,INWOOD                   
6362,3,0,3,9992,29976,5500000,INWOOD                   
6363,1,0,1,3300,3450,1550000,INWOOD                   
6364,20,18,2,2469,9745,6700000,JAVITS CENTER            
6408,3,3,0,1840,3645,10,KIPS BAY                 
6409,8,8,0,1840,4975,3925000,KIPS BAY                 
6410,17,16,1,2469,9390,1582500,KIPS BAY                 
6412,211,202,9,13800,185127,167500000,KIPS BAY                 
6413,141,138,3,9875,150800,111500000,KIPS BAY                 
6414,99,97,2,4836,93314,75000000,KIPS BAY                 
6848,1,0,1,753175,2124441,1,KIPS BAY                 
6850,1,1,0,1047,4100,5500000,LITTLE ITALY             
6852,10,10,0,2330,9311,26000000,LITTLE ITALY             
6855,28,26,2,2195,15603,17000000,LITTLE ITALY             
6857,22,22,0,3625,13415,1582500,LITTLE ITALY             
6858,22,22,0,3625,13415,3868000,LITTLE ITALY             
6865,24,20,4,2335,12871,13200000,LITTLE ITALY             
6866,19,17,2,2825,9610,15500000,LITTLE ITALY             
6868,17,16,1,2616,8950,15500000,LITTLE ITALY             
6870,10,8,2,2112,7804,61250000,LITTLE ITALY             
6871,30,27,3,4087,18081,14600000,LITTLE ITALY             
6900,7,4,3,2550,5242,11000000,LITTLE ITALY             
6918,8,0,8,2375,11335,25000000,LITTLE ITALY             
6919,4,0,4,2662,5815,21125000,LITTLE ITALY             
6921,4,1,3,2517,7440,24000000,LITTLE ITALY             
6926,1,0,1,1842,5855,10200000,LITTLE ITALY             
6928,6,0,6,4760,27414,55000000,LITTLE ITALY             
6930,1,0,1,3309,8075,8816009,LITTLE ITALY             
6940,2,1,1,1907,3520,3550000,LOWER EAST SIDE          
6941,3,2,1,971,3500,2850000,LOWER EAST SIDE          
6948,20,19,1,2612,10170,4100000,LOWER EAST SIDE          
6949,9,9,0,1560,4640,4050000,LOWER EAST SIDE          
6951,20,20,0,2500,9910,9000000,LOWER EAST SIDE          
6955,20,20,0,2300,8680,9000000,LOWER EAST SIDE          
6956,9,9,0,2308,6095,5000000,LOWER EAST SIDE          
6959,18,16,2,2188,8370,6260000,LOWER EAST SIDE          
6960,11,10,1,2188,8112,6902675,LOWER EAST SIDE          
6961,10,10,0,2125,9990,6392750,LOWER EAST SIDE          
6962,23,20,3,3045,14096,12500000,LOWER EAST SIDE          
6964,23,20,3,4513,22370,15736000,LOWER EAST SIDE          
6965,23,21,2,2500,9715,10000000,LOWER EAST SIDE          
6966,20,18,2,124560,31200,7070000,LOWER EAST SIDE          
6968,6,4,2,2500,5250,4000000,LOWER EAST SIDE          
6969,17,15,2,2285,12200,12850000,LOWER EAST SIDE          
6971,30,28,2,5050,21648,11000000,LOWER EAST SIDE          
6973,258,256,2,51180,262875,115000000,LOWER EAST SIDE          
6974,10,10,0,2395,12900,8163101,LOWER EAST SIDE          
6977,52,52,0,8904,34904,24000000,LOWER EAST SIDE          
6979,25,22,3,6725,30870,29100000,LOWER EAST SIDE          
7245,4,2,2,1151,3500,4000000,LOWER EAST SIDE          
7246,5,4,1,1950,7050,5250000,LOWER EAST SIDE          
7247,7,6,1,1760,8052,4325000,LOWER EAST SIDE          
7250,5,3,2,4346,5242,15000000,LOWER EAST SIDE          
7264,11,7,4,2100,8524,3700000,LOWER EAST SIDE          
7267,1,0,1,976,1900,27046250,LOWER EAST SIDE          
7268,9,0,9,10000,8355,28000000,LOWER EAST SIDE          
7269,2,1,1,5000,5125,15200000,LOWER EAST SIDE          
7270,1,0,1,43206,15265,1,LOWER EAST SIDE          
7272,2,1,1,2188,9777,7900000,LOWER EAST SIDE          
7275,1,0,1,2305,2308,8800000,LOWER EAST SIDE          
7276,1,0,1,2181,2108,42800000,LOWER EAST SIDE          
7282,2,0,2,2187,4376,6000000,LOWER EAST SIDE          
7283,8,0,8,7709,29465,25626000,LOWER EAST SIDE          
7284,6,2,4,2942,15251,25000000,LOWER EAST SIDE          
7286,1,0,1,2319,19024,23750000,LOWER EAST SIDE          
7287,1,0,1,2072,14383,17250000,LOWER EAST SIDE          
7288,2,0,2,2500,4600,3550000,LOWER EAST SIDE          
7289,4,0,4,10400,48616,30500000,LOWER EAST SIDE          
7293,1,0,1,6240,27560,16500000,LOWER EAST SIDE          
7295,1,0,1,25010,150000,28000000,LOWER EAST SIDE          
7299,1,0,1,2188,5098,2250000,LOWER EAST SIDE          
7317,2,2,0,1682,3336,2775000,MANHATTAN VALLEY         
7318,3,3,0,1682,3359,1811000,MANHATTAN VALLEY         
7319,10,10,0,2018,6400,12000000,MANHATTAN VALLEY         
7320,19,19,0,3550,14268,3350000,MANHATTAN VALLEY         
7322,36,36,0,3550,14268,7000000,MANHATTAN VALLEY         
7325,4,4,0,996,2391,3500000,MANHATTAN VALLEY         
7326,9,8,1,1944,8920,4450000,MANHATTAN VALLEY         
7327,9,8,1,1944,8920,225000,MANHATTAN VALLEY         
7332,15,15,0,3364,12310,6500000,MANHATTAN VALLEY         
7333,14,13,1,2550,11708,10000000,MANHATTAN VALLEY         
7335,14,13,1,2523,8852,5200000,MANHATTAN VALLEY         
7336,10,10,0,3400,12610,1040207,MANHATTAN VALLEY         
7339,24,24,0,7460,30336,15000000,MANHATTAN VALLEY         
7341,59,59,0,9587,44622,15550000,MANHATTAN VALLEY         
7622,8,7,1,2375,8025,17400000,MIDTOWN CBD              
7758,7,4,3,1674,3526,12708561,MIDTOWN CBD              
7759,8,6,2,1665,5960,5575000,MIDTOWN CBD              
7767,70,0,70,23025,417679,60090750,MIDTOWN CBD              
7768,2,0,2,10250,160482,18312750,MIDTOWN CBD              
7769,7,0,7,3350,22502,1954800,MIDTOWN CBD              
7770,15,0,15,6666,87845,10781550,MIDTOWN CBD              
7771,2,0,2,2513,17668,26470300,MIDTOWN CBD              
7773,1,0,1,8033,112933,120343071,MIDTOWN CBD              
7778,1,0,1,2500,10944,126513071,MIDTOWN CBD              
7779,1,0,1,2500,10944,373486928,MIDTOWN CBD              
7780,31,28,3,5016,5025,13806000,MIDTOWN CBD              
7781,1,0,1,1681,1680,1742000,MIDTOWN CBD              
7782,4,2,2,1688,3500,12708561,MIDTOWN CBD              
7783,4,1,3,1688,4280,12708561,MIDTOWN CBD              
7784,3,0,3,6835,20400,63000000,MIDTOWN CBD              
7785,1,0,1,22425,406261,270000000,MIDTOWN CBD              
7786,1,0,1,81337,1681000,1791829000,MIDTOWN CBD              
7787,1,0,1,5522,55940,42874314,MIDTOWN CBD              
7921,1,1,0,1238,3190,5100000,MIDTOWN EAST             
7922,2,1,1,3100,5268,6300000,MIDTOWN EAST             
7923,1,1,0,1800,4500,7720000,MIDTOWN EAST             
7925,1,1,0,1674,4495,8150000,MIDTOWN EAST             
7928,2,2,0,1800,4500,6325000,MIDTOWN EAST             
7929,14,12,2,2508,6645,18000000,MIDTOWN EAST             
7931,17,16,1,2500,10375,8975000,MIDTOWN EAST             
7933,17,16,1,2500,10375,8975000,MIDTOWN EAST             
7935,17,16,1,2542,11607,10395000,MIDTOWN EAST             
7937,4,4,0,2008,4804,5250000,MIDTOWN EAST             
7938,20,18,2,2511,7550,6100000,MIDTOWN EAST             
7940,9,9,0,2008,3800,3863540,MIDTOWN EAST             
7942,11,9,2,2209,10790,4467100,MIDTOWN EAST             
7946,18,16,2,2511,8811,6251000,MIDTOWN EAST             
7948,20,18,2,2511,9080,7049000,MIDTOWN EAST             
7949,30,25,5,3127,14937,13950000,MIDTOWN EAST             
7951,9,8,1,2058,4960,32300000,MIDTOWN EAST             
8058,96,94,2,9037,105749,630000,MIDTOWN EAST             
8557,129,127,2,14100,206411,35000,MIDTOWN EAST             
9000,6,4,2,1856,5220,6850000,MIDTOWN EAST             
9046,56,0,56,23864,407767,355500000,MIDTOWN EAST             
9047,1,0,1,2010,6246,7639000,MIDTOWN EAST             
9049,1,0,1,1858,3802,17000000,MIDTOWN EAST             
9051,3,0,3,2940,2940,15588788,MIDTOWN EAST             
9052,3,1,2,831,3200,2105606,MIDTOWN EAST             
9053,3,1,2,831,3200,2105606,MIDTOWN EAST             
9056,1,0,1,2511,4110,10500000,MIDTOWN EAST             
9057,3,2,1,1016,4064,6100000,MIDTOWN EAST             
9058,5,0,5,6837,33750,30720000,MIDTOWN EAST             
9059,1,0,1,5026,58634,71930434,MIDTOWN EAST             
9060,96,95,1,7537,82829,68500000,MIDTOWN EAST             
9061,182,181,1,10364,143033,138850000,MIDTOWN EAST             
9062,1,0,1,10041,38000,21000000,MIDTOWN EAST             
9063,1,0,1,4720,19944,7750000,MIDTOWN EAST             
9145,3,2,1,1238,5212,15000000,MIDTOWN WEST             
9146,9,8,1,2092,8180,10450000,MIDTOWN WEST             
9147,13,12,1,2510,9175,9800000,MIDTOWN WEST             
9148,9,8,1,1260,4240,8600000,MIDTOWN WEST             
9149,35,35,0,5021,21270,1768500,MIDTOWN WEST             
9150,4,4,0,1000,2450,3900000,MIDTOWN WEST             
9151,20,18,2,2542,13786,10500000,MIDTOWN WEST             
9152,24,22,2,2500,11184,10500000,MIDTOWN WEST             
9153,32,30,2,4775,22645,30000000,MIDTOWN WEST             
9154,182,176,6,10041,126778,132500000,MIDTOWN WEST             
9155,104,102,2,17335,81050,72000000,MIDTOWN WEST             
9176,328,324,4,25125,418114,261000000,MIDTOWN WEST             
9932,7,6,1,1894,6671,9650000,MIDTOWN WEST             
9953,79,0,79,13800,304345,165664200,MIDTOWN WEST             
9956,85,0,85,6886,76660,55000000,MIDTOWN WEST             
9959,68,0,68,7275,151324,170296169,MIDTOWN WEST             
9960,4,0,4,2500,7392,37600000,MIDTOWN WEST             
9961,2,0,2,29500,519600,600912768,MIDTOWN WEST             
9962,95,0,95,11350,124782,91000000,MIDTOWN WEST             
9963,150,0,150,23525,181021,165000000,MIDTOWN WEST             
9964,13,0,13,8158,108929,81000000,MIDTOWN WEST             
9965,73,0,73,17555,520796,12100000,MIDTOWN WEST             
9967,75,0,75,26300,348580,1775000000,MIDTOWN WEST             
9968,5,0,5,5020,20800,95000000,MIDTOWN WEST             
9969,2,0,2,2008,4792,15340000,MIDTOWN WEST             
9972,2,0,2,2510,7220,8980000,MIDTOWN WEST             
9973,5,0,5,2151,8140,7825632,MIDTOWN WEST             
9974,4,0,4,2152,9280,7759027,MIDTOWN WEST             
9975,26,0,26,2397,5643,15400000,MIDTOWN WEST             
9977,20,16,4,3420,3200,19000000,MIDTOWN WEST             
9979,2,0,2,7532,112850,28000,MIDTOWN WEST             
9981,1,0,1,15816,294000,257050000,MIDTOWN WEST             
9982,2,0,2,7532,112850,100,MIDTOWN WEST             
9984,2,0,2,7532,112850,21676,MIDTOWN WEST             
9985,2,0,2,7532,112850,10926,MIDTOWN WEST             
9986,2,0,2,7532,112850,25829,MIDTOWN WEST             
9987,2,0,2,7532,112850,25829,MIDTOWN WEST             
9989,2,0,2,7532,112850,39192,MIDTOWN WEST             
9992,2,0,2,7532,112850,100,MIDTOWN WEST             
9993,2,0,2,7532,112850,100,MIDTOWN WEST             
9994,2,0,2,7532,112850,95279,MIDTOWN WEST             
9995,2,0,2,7532,112850,81495,MIDTOWN WEST             
9996,2,0,2,7532,112850,108587,MIDTOWN WEST             
9997,2,0,2,7532,112850,39432,MIDTOWN WEST             
9998,2,0,2,7532,112850,116805,MIDTOWN WEST             
9999,2,0,2,7532,112850,42400,MIDTOWN WEST             
10000,2,0,2,7532,112850,56385,MIDTOWN WEST             
10001,2,0,2,7532,112850,34900,MIDTOWN WEST             
10002,2,0,2,7532,112850,85402,MIDTOWN WEST             
10004,2,0,2,7532,112850,100,MIDTOWN WEST             
10005,2,0,2,7532,112850,100,MIDTOWN WEST             
10006,2,0,2,7532,112850,85000,MIDTOWN WEST             
10009,2,0,2,7532,112850,81305,MIDTOWN WEST             
10010,2,0,2,7532,112850,123305,MIDTOWN WEST             
10011,2,0,2,7532,112850,96805,MIDTOWN WEST             
10012,2,0,2,7532,112850,59822,MIDTOWN WEST             
10013,2,0,2,7532,112850,39008,MIDTOWN WEST             
10014,2,0,2,7532,112850,85000,MIDTOWN WEST             
10015,2,0,2,7532,112850,89000,MIDTOWN WEST             
10016,2,0,2,7532,112850,60444,MIDTOWN WEST             
10020,2,0,2,7532,112850,27980,MIDTOWN WEST             
10021,2,0,2,7532,112850,20000,MIDTOWN WEST             
10022,2,0,2,7532,112850,27980,MIDTOWN WEST             
10023,2,0,2,7532,112850,100,MIDTOWN WEST             
10024,2,0,2,7532,112850,100,MIDTOWN WEST             
10025,2,0,2,7532,112850,82882,MIDTOWN WEST             
10026,2,0,2,7532,112850,77190,MIDTOWN WEST             
10027,2,0,2,7532,112850,34900,MIDTOWN WEST             
10028,2,0,2,7532,112850,99800,MIDTOWN WEST             
10029,2,0,2,7532,112850,123305,MIDTOWN WEST             
10030,2,0,2,7532,112850,83189,MIDTOWN WEST             
10031,2,0,2,7532,112850,97585,MIDTOWN WEST             
10032,2,0,2,7532,112850,59900,MIDTOWN WEST             
10033,2,0,2,7532,112850,81305,MIDTOWN WEST             
10034,2,0,2,7532,112850,123058,MIDTOWN WEST             
10035,2,0,2,7532,112850,49900,MIDTOWN WEST             
10036,2,0,2,7532,112850,87495,MIDTOWN WEST             
10039,2,0,2,7532,112850,59900,MIDTOWN WEST             
10040,2,0,2,7532,112850,49900,MIDTOWN WEST             
10041,2,0,2,7532,112850,34900,MIDTOWN WEST             
10042,2,0,2,7532,112850,49900,MIDTOWN WEST             
10043,2,0,2,7532,112850,49900,MIDTOWN WEST             
10044,2,0,2,7532,112850,49900,MIDTOWN WEST             
10045,2,0,2,7532,112850,34900,MIDTOWN WEST             
10046,2,0,2,7532,112850,79499,MIDTOWN WEST             
10048,2,0,2,7532,112850,29997,MIDTOWN WEST             
10050,2,0,2,7532,112850,27176,MIDTOWN WEST             
10051,2,0,2,7532,112850,27321,MIDTOWN WEST             
10052,2,0,2,7532,112850,83000,MIDTOWN WEST             
10053,2,0,2,7532,112850,34900,MIDTOWN WEST             
10054,2,0,2,7532,112850,49900,MIDTOWN WEST             
10055,2,0,2,7532,112850,49900,MIDTOWN WEST             
10056,2,0,2,7532,112850,49900,MIDTOWN WEST             
10057,2,0,2,7532,112850,161850,MIDTOWN WEST             
10058,2,0,2,7532,112850,49900,MIDTOWN WEST             
10059,2,0,2,7532,112850,34900,MIDTOWN WEST             
10060,2,0,2,7532,112850,59900,MIDTOWN WEST             
10061,2,0,2,7532,112850,52383,MIDTOWN WEST             
10062,2,0,2,7532,112850,59900,MIDTOWN WEST             
10063,2,0,2,7532,112850,69800,MIDTOWN WEST             
10064,2,0,2,7532,112850,56265,MIDTOWN WEST             
10065,2,0,2,7532,112850,65224,MIDTOWN WEST             
10067,2,0,2,7532,112850,59900,MIDTOWN WEST             
10068,2,0,2,7532,112850,59900,MIDTOWN WEST             
10069,2,0,2,7532,112850,51615,MIDTOWN WEST             
10070,2,0,2,7532,112850,83000,MIDTOWN WEST             
10071,2,0,2,7532,112850,59900,MIDTOWN WEST             
10072,2,0,2,7532,112850,59900,MIDTOWN WEST             
10073,2,0,2,7532,112850,34900,MIDTOWN WEST             
10074,2,0,2,7532,112850,34900,MIDTOWN WEST             
10075,2,0,2,7532,112850,34900,MIDTOWN WEST             
10076,2,0,2,7532,112850,34900,MIDTOWN WEST             
10077,2,0,2,7532,112850,95727,MIDTOWN WEST             
10078,2,0,2,7532,112850,96187,MIDTOWN WEST             
10079,2,0,2,7532,112850,49900,MIDTOWN WEST             
10080,2,0,2,7532,112850,49900,MIDTOWN WEST             
10081,2,0,2,7532,112850,81795,MIDTOWN WEST             
10082,2,0,2,7532,112850,139000,MIDTOWN WEST             
10083,2,0,2,7532,112850,108290,MIDTOWN WEST             
10084,2,0,2,7532,112850,49900,MIDTOWN WEST             
10085,2,0,2,7532,112850,34900,MIDTOWN WEST             
10086,2,0,2,7532,112850,49900,MIDTOWN WEST             
10087,2,0,2,7532,112850,81795,MIDTOWN WEST             
10088,2,0,2,7532,112850,83695,MIDTOWN WEST             
10089,2,0,2,7532,112850,34900,MIDTOWN WEST             
10090,2,0,2,7532,112850,95937,MIDTOWN WEST             
10091,2,0,2,7532,112850,34900,MIDTOWN WEST             
10092,2,0,2,7532,112850,199600,MIDTOWN WEST             
10093,2,0,2,7532,112850,49900,MIDTOWN WEST             
10094,2,0,2,7532,112850,49900,MIDTOWN WEST             
10095,2,0,2,7532,112850,49900,MIDTOWN WEST             
10096,2,0,2,7532,112850,22000,MIDTOWN WEST             
10099,2,0,2,7532,112850,12472,MIDTOWN WEST             
10100,2,0,2,7532,112850,121857,MIDTOWN WEST             
10101,2,0,2,7532,112850,39997,MIDTOWN WEST             
10102,2,0,2,7532,112850,64995,MIDTOWN WEST             
10103,2,0,2,7532,112850,4995,MIDTOWN WEST             
10104,2,0,2,7532,112850,59858,MIDTOWN WEST             
10105,2,0,2,7532,112850,87025,MIDTOWN WEST             
10106,2,0,2,7532,112850,87360,MIDTOWN WEST             
10107,2,0,2,7532,112850,59900,MIDTOWN WEST             
10108,2,0,2,7532,112850,83585,MIDTOWN WEST             
10109,2,0,2,7532,112850,133680,MIDTOWN WEST             
10110,2,0,2,7532,112850,60500,MIDTOWN WEST             
10111,2,0,2,7532,112850,185018,MIDTOWN WEST             
10112,2,0,2,7532,112850,108235,MIDTOWN WEST             
10113,2,0,2,7532,112850,81420,MIDTOWN WEST             
10114,2,0,2,7532,112850,49900,MIDTOWN WEST             
10115,2,0,2,7532,112850,34900,MIDTOWN WEST             
10116,2,0,2,7532,112850,81305,MIDTOWN WEST             
10117,2,0,2,7532,112850,49900,MIDTOWN WEST             
10118,2,0,2,7532,112850,34900,MIDTOWN WEST             
10119,2,0,2,7532,112850,192660,MIDTOWN WEST             
10120,2,0,2,7532,112850,49900,MIDTOWN WEST             
10121,2,0,2,7532,112850,81795,MIDTOWN WEST             
10122,2,0,2,7532,112850,95528,MIDTOWN WEST             
10123,2,0,2,7532,112850,89000,MIDTOWN WEST             
10124,2,0,2,7532,112850,59645,MIDTOWN WEST             
10125,2,0,2,7532,112850,54825,MIDTOWN WEST             
10126,2,0,2,7532,112850,49900,MIDTOWN WEST             
10127,2,0,2,7532,112850,87885,MIDTOWN WEST             
10128,2,0,2,7532,112850,61000,MIDTOWN WEST             
10129,2,0,2,7532,112850,59545,MIDTOWN WEST             
10130,2,0,2,7532,112850,58856,MIDTOWN WEST             
10131,2,0,2,7532,112850,121946,MIDTOWN WEST             
10132,2,0,2,7532,112850,115915,MIDTOWN WEST             
10133,2,0,2,7532,112850,81795,MIDTOWN WEST             
10134,2,0,2,7532,112850,34900,MIDTOWN WEST             
10135,2,0,2,7532,112850,59900,MIDTOWN WEST             
10136,2,0,2,7532,112850,49900,MIDTOWN WEST             
10137,2,0,2,7532,112850,49900,MIDTOWN WEST             
10138,2,0,2,7532,112850,49900,MIDTOWN WEST             
10139,2,0,2,7532,112850,99800,MIDTOWN WEST             
10140,2,0,2,7532,112850,99800,MIDTOWN WEST             
10141,2,0,2,7532,112850,34900,MIDTOWN WEST             
10142,2,0,2,7532,112850,34900,MIDTOWN WEST             
10143,2,0,2,7532,112850,98800,MIDTOWN WEST             
10144,2,0,2,7532,112850,161706,MIDTOWN WEST             
10145,2,0,2,7532,112850,99800,MIDTOWN WEST             
10146,2,0,2,7532,112850,49900,MIDTOWN WEST             
10147,2,0,2,7532,112850,59900,MIDTOWN WEST             
10148,2,0,2,7532,112850,99800,MIDTOWN WEST             
10149,2,0,2,7532,112850,49900,MIDTOWN WEST             
10150,2,0,2,7532,112850,49900,MIDTOWN WEST             
10151,2,0,2,7532,112850,34900,MIDTOWN WEST             
10152,2,0,2,7532,112850,34995,MIDTOWN WEST             
10153,2,0,2,7532,112850,100,MIDTOWN WEST             
10154,2,0,2,7532,112850,32162,MIDTOWN WEST             
10155,2,0,2,7532,112850,34997,MIDTOWN WEST             
10157,2,0,2,7532,112850,29997,MIDTOWN WEST             
10170,2,0,2,7532,112850,128496,MIDTOWN WEST             
10184,2,0,2,7532,112850,26305,MIDTOWN WEST             
10186,2,0,2,7532,112850,24000,MIDTOWN WEST             
10187,2,0,2,7532,112850,34900,MIDTOWN WEST             
10188,2,0,2,7532,112850,49900,MIDTOWN WEST             
10189,2,0,2,7532,112850,49900,MIDTOWN WEST             
10190,2,0,2,7532,112850,49900,MIDTOWN WEST             
10191,2,0,2,7532,112850,49900,MIDTOWN WEST             
10192,2,0,2,7532,112850,49900,MIDTOWN WEST             
10193,2,0,2,7532,112850,83000,MIDTOWN WEST             
10194,2,0,2,7532,112850,49900,MIDTOWN WEST             
10195,2,0,2,7532,112850,110000,MIDTOWN WEST             
10196,2,0,2,7532,112850,34900,MIDTOWN WEST             
10197,2,0,2,7532,112850,83000,MIDTOWN WEST             
10198,2,0,2,7532,112850,60500,MIDTOWN WEST             
10199,2,0,2,7532,112850,34900,MIDTOWN WEST             
10200,2,0,2,7532,112850,110400,MIDTOWN WEST             
10201,2,0,2,7532,112850,34900,MIDTOWN WEST             
10202,2,0,2,7532,112850,60500,MIDTOWN WEST             
10203,2,0,2,7532,112850,34900,MIDTOWN WEST             
10204,2,0,2,7532,112850,69800,MIDTOWN WEST             
10205,2,0,2,7532,112850,34900,MIDTOWN WEST             
10206,2,0,2,7532,112850,55500,MIDTOWN WEST             
10207,2,0,2,7532,112850,49900,MIDTOWN WEST             
10208,2,0,2,7532,112850,49900,MIDTOWN WEST             
10209,2,0,2,7532,112850,79307,MIDTOWN WEST             
10210,2,0,2,7532,112850,49900,MIDTOWN WEST             
10211,2,0,2,7532,112850,34900,MIDTOWN WEST             
10212,2,0,2,7532,112850,34900,MIDTOWN WEST             
10213,2,0,2,7532,112850,99800,MIDTOWN WEST             
10214,2,0,2,7532,112850,60500,MIDTOWN WEST             
10215,2,0,2,7532,112850,34900,MIDTOWN WEST             
10216,2,0,2,7532,112850,34900,MIDTOWN WEST             
10217,2,0,2,7532,112850,61000,MIDTOWN WEST             
10218,2,0,2,7532,112850,49900,MIDTOWN WEST             
10219,2,0,2,7532,112850,49900,MIDTOWN WEST             
10220,2,0,2,7532,112850,49900,MIDTOWN WEST             
10221,2,0,2,7532,112850,99800,MIDTOWN WEST             
10247,2,0,2,7532,112850,34900,MIDTOWN WEST             
10248,2,0,2,7532,112850,99800,MIDTOWN WEST             
10249,2,0,2,7532,112850,49900,MIDTOWN WEST             
10250,2,0,2,7532,112850,117900,MIDTOWN WEST             
10251,2,0,2,7532,112850,55955,MIDTOWN WEST             
10252,2,0,2,7532,112850,69800,MIDTOWN WEST             
10253,2,0,2,7532,112850,160365,MIDTOWN WEST             
10254,2,0,2,7532,112850,34900,MIDTOWN WEST             
10255,2,0,2,7532,112850,58199,MIDTOWN WEST             
10256,2,0,2,7532,112850,49900,MIDTOWN WEST             
10276,2,0,2,7532,112850,49900,MIDTOWN WEST             
10277,2,0,2,7532,112850,99800,MIDTOWN WEST             
10278,2,0,2,7532,112850,34900,MIDTOWN WEST             
10279,2,0,2,7532,112850,49900,MIDTOWN WEST             
10280,2,0,2,7532,112850,89000,MIDTOWN WEST             
10281,2,0,2,7532,112850,34900,MIDTOWN WEST             
10282,2,0,2,7532,112850,34900,MIDTOWN WEST             
10283,2,0,2,7532,112850,34900,MIDTOWN WEST             
10284,2,0,2,7532,112850,49900,MIDTOWN WEST             
10285,2,0,2,7532,112850,34900,MIDTOWN WEST             
10286,2,0,2,7532,112850,34900,MIDTOWN WEST             
10287,2,0,2,7532,112850,34900,MIDTOWN WEST             
10288,2,0,2,7532,112850,34900,MIDTOWN WEST             
10289,2,0,2,7532,112850,34900,MIDTOWN WEST             
10290,2,0,2,7532,112850,34900,MIDTOWN WEST             
10291,2,0,2,7532,112850,34900,MIDTOWN WEST             
10292,2,0,2,7532,112850,49900,MIDTOWN WEST             
10293,2,0,2,7532,112850,99800,MIDTOWN WEST             
10294,2,0,2,7532,112850,49900,MIDTOWN WEST             
10295,2,0,2,7532,112850,49900,MIDTOWN WEST             
10296,2,0,2,7532,112850,49900,MIDTOWN WEST             
10297,2,0,2,7532,112850,49900,MIDTOWN WEST             
10298,2,0,2,7532,112850,34900,MIDTOWN WEST             
10299,2,0,2,7532,112850,53108,MIDTOWN WEST             
10300,2,0,2,7532,112850,99800,MIDTOWN WEST             
10301,2,0,2,7532,112850,58575,MIDTOWN WEST             
10302,2,0,2,7532,112850,54509,MIDTOWN WEST             
10303,2,0,2,7532,112850,243489,MIDTOWN WEST             
10304,2,0,2,7532,112850,58500,MIDTOWN WEST             
10305,2,0,2,7532,112850,84064,MIDTOWN WEST             
10306,2,0,2,7532,112850,41205,MIDTOWN WEST             
10307,2,0,2,7532,112850,95800,MIDTOWN WEST             
10308,2,0,2,7532,112850,81345,MIDTOWN WEST             
10309,2,0,2,7532,112850,112126,MIDTOWN WEST             
10320,2,0,2,7532,112850,41678,MIDTOWN WEST             
10321,2,0,2,7532,112850,59488,MIDTOWN WEST             
10333,2,0,2,7532,112850,99800,MIDTOWN WEST             
10334,2,0,2,7532,112850,49900,MIDTOWN WEST             
10335,2,0,2,7532,112850,34900,MIDTOWN WEST             
10336,2,0,2,7532,112850,34900,MIDTOWN WEST             
10337,2,0,2,7532,112850,49900,MIDTOWN WEST             
10338,2,0,2,7532,112850,49900,MIDTOWN WEST             
10339,2,0,2,7532,112850,49900,MIDTOWN WEST             
10340,2,0,2,7532,112850,34900,MIDTOWN WEST             
10341,2,0,2,7532,112850,49900,MIDTOWN WEST             
10342,2,0,2,7532,112850,49900,MIDTOWN WEST             
10343,2,0,2,7532,112850,49900,MIDTOWN WEST             
10344,2,0,2,7532,112850,49900,MIDTOWN WEST             
10345,2,0,2,7532,112850,99800,MIDTOWN WEST             
10346,2,0,2,7532,112850,49900,MIDTOWN WEST             
10347,2,0,2,7532,112850,59900,MIDTOWN WEST             
10348,2,0,2,7532,112850,57991,MIDTOWN WEST             
10349,2,0,2,7532,112850,57252,MIDTOWN WEST             
10350,2,0,2,7532,112850,83800,MIDTOWN WEST             
10351,2,0,2,7532,112850,81068,MIDTOWN WEST             
10352,2,0,2,7532,112850,58900,MIDTOWN WEST             
10353,2,0,2,7532,112850,69800,MIDTOWN WEST             
10354,2,0,2,7532,112850,49900,MIDTOWN WEST             
10355,2,0,2,7532,112850,34900,MIDTOWN WEST             
10356,2,0,2,7532,112850,49900,MIDTOWN WEST             
10357,2,0,2,7532,112850,34900,MIDTOWN WEST             
10358,2,0,2,7532,112850,49900,MIDTOWN WEST             
10359,2,0,2,7532,112850,49900,MIDTOWN WEST             
10360,2,0,2,7532,112850,34900,MIDTOWN WEST             
10361,2,0,2,7532,112850,99800,MIDTOWN WEST             
10362,2,0,2,7532,112850,49900,MIDTOWN WEST             
10363,2,0,2,7532,112850,34900,MIDTOWN WEST             
10364,2,0,2,7532,112850,69800,MIDTOWN WEST             
10365,2,0,2,7532,112850,49900,MIDTOWN WEST             
10366,2,0,2,7532,112850,34900,MIDTOWN WEST             
10367,2,0,2,7532,112850,34900,MIDTOWN WEST             
10368,2,0,2,7532,112850,34900,MIDTOWN WEST             
10369,2,0,2,7532,112850,49900,MIDTOWN WEST             
10370,2,0,2,7532,112850,34900,MIDTOWN WEST             
10371,2,0,2,7532,112850,69800,MIDTOWN WEST             
10372,2,0,2,7532,112850,49900,MIDTOWN WEST             
10373,2,0,2,7532,112850,49900,MIDTOWN WEST             
10374,2,0,2,7532,112850,49900,MIDTOWN WEST             
10375,2,0,2,7532,112850,49900,MIDTOWN WEST             
10376,2,0,2,7532,112850,34900,MIDTOWN WEST             
10377,2,0,2,7532,112850,34900,MIDTOWN WEST             
10378,2,0,2,7532,112850,49900,MIDTOWN WEST             
10379,2,0,2,7532,112850,34900,MIDTOWN WEST             
10380,2,0,2,7532,112850,34900,MIDTOWN WEST             
10381,2,0,2,7532,112850,49900,MIDTOWN WEST             
10382,2,0,2,7532,112850,34900,MIDTOWN WEST             
10383,2,0,2,7532,112850,40705,MIDTOWN WEST             
10384,2,0,2,7532,112850,59900,MIDTOWN WEST             
10385,2,0,2,7532,112850,59425,MIDTOWN WEST             
10386,2,0,2,7532,112850,34900,MIDTOWN WEST             
10387,2,0,2,7532,112850,49900,MIDTOWN WEST             
10388,2,0,2,7532,112850,99800,MIDTOWN WEST             
10389,2,0,2,7532,112850,34900,MIDTOWN WEST             
10390,2,0,2,7532,112850,119802,MIDTOWN WEST             
10391,2,0,2,7532,112850,34900,MIDTOWN WEST             
10392,2,0,2,7532,112850,49900,MIDTOWN WEST             
10393,2,0,2,7532,112850,49900,MIDTOWN WEST             
10394,2,0,2,7532,112850,49900,MIDTOWN WEST             
10395,2,0,2,7532,112850,34900,MIDTOWN WEST             
10396,2,0,2,7532,112850,49900,MIDTOWN WEST             
10422,2,0,2,7532,112850,34900,MIDTOWN WEST             
10423,2,0,2,7532,112850,49900,MIDTOWN WEST             
10424,2,0,2,7532,112850,34900,MIDTOWN WEST             
10425,2,0,2,7532,112850,34900,MIDTOWN WEST             
10426,2,0,2,7532,112850,49900,MIDTOWN WEST             
10427,2,0,2,7532,112850,41639,MIDTOWN WEST             
10428,2,0,2,7532,112850,34900,MIDTOWN WEST             
10429,2,0,2,7532,112850,34900,MIDTOWN WEST             
10430,2,0,2,7532,112850,49900,MIDTOWN WEST             
10431,2,0,2,7532,112850,49900,MIDTOWN WEST             
10432,2,0,2,7532,112850,49900,MIDTOWN WEST             
10433,2,0,2,7532,112850,49900,MIDTOWN WEST             
10434,2,0,2,7532,112850,49900,MIDTOWN WEST             
10435,2,0,2,7532,112850,49900,MIDTOWN WEST             
10436,2,0,2,7532,112850,85000,MIDTOWN WEST             
10437,2,0,2,7532,112850,79710,MIDTOWN WEST             
10438,2,0,2,7532,112850,41080,MIDTOWN WEST             
10439,2,0,2,7532,112850,34900,MIDTOWN WEST             
10440,2,0,2,7532,112850,99800,MIDTOWN WEST             
10441,2,0,2,7532,112850,34900,MIDTOWN WEST             
10442,2,0,2,7532,112850,99800,MIDTOWN WEST             
10443,2,0,2,7532,112850,99800,MIDTOWN WEST             
10444,2,0,2,7532,112850,34900,MIDTOWN WEST             
10445,2,0,2,7532,112850,49900,MIDTOWN WEST             
10446,2,0,2,7532,112850,49900,MIDTOWN WEST             
10447,2,0,2,7532,112850,49900,MIDTOWN WEST             
10448,2,0,2,7532,112850,99800,MIDTOWN WEST             
10456,2,0,2,7532,112850,34000,MIDTOWN WEST             
10468,2,0,2,7532,112850,10241,MIDTOWN WEST             
10478,2,0,2,7532,112850,44995,MIDTOWN WEST             
10480,2,0,2,7532,112850,59900,MIDTOWN WEST             
10481,2,0,2,7532,112850,59900,MIDTOWN WEST             
10482,2,0,2,7532,112850,57105,MIDTOWN WEST             
10483,2,0,2,7532,112850,59900,MIDTOWN WEST             
10484,2,0,2,7532,112850,56822,MIDTOWN WEST             
10485,2,0,2,7532,112850,42400,MIDTOWN WEST             
10486,2,0,2,7532,112850,81909,MIDTOWN WEST             
10487,2,0,2,7532,112850,106535,MIDTOWN WEST             
10488,2,0,2,7532,112850,81795,MIDTOWN WEST             
10489,2,0,2,7532,112850,81795,MIDTOWN WEST             
10490,2,0,2,7532,112850,41080,MIDTOWN WEST             
10491,2,0,2,7532,112850,120373,MIDTOWN WEST             
10492,2,0,2,7532,112850,57863,MIDTOWN WEST             
10493,2,0,2,7532,112850,94509,MIDTOWN WEST             
10494,2,0,2,7532,112850,87045,MIDTOWN WEST             
10495,2,0,2,7532,112850,57863,MIDTOWN WEST             
10496,2,0,2,7532,112850,81420,MIDTOWN WEST             
10497,2,0,2,7532,112850,96755,MIDTOWN WEST             
10498,2,0,2,7532,112850,99800,MIDTOWN WEST             
10499,2,0,2,7532,112850,49900,MIDTOWN WEST             
10500,2,0,2,7532,112850,49900,MIDTOWN WEST             
10501,2,0,2,7532,112850,49900,MIDTOWN WEST             
10502,2,0,2,7532,112850,34900,MIDTOWN WEST             
10503,2,0,2,7532,112850,49900,MIDTOWN WEST             
10504,2,0,2,7532,112850,49900,MIDTOWN WEST             
10505,2,0,2,7532,112850,59900,MIDTOWN WEST             
10506,2,0,2,7532,112850,59900,MIDTOWN WEST             
10507,2,0,2,7532,112850,59900,MIDTOWN WEST             
10508,2,0,2,7532,112850,42400,MIDTOWN WEST             
10509,2,0,2,7532,112850,59900,MIDTOWN WEST             
10510,2,0,2,7532,112850,59900,MIDTOWN WEST             
10511,2,0,2,7532,112850,85000,MIDTOWN WEST             
10512,2,0,2,7532,112850,40905,MIDTOWN WEST             
10513,2,0,2,7532,112850,122060,MIDTOWN WEST             
10514,2,0,2,7532,112850,40815,MIDTOWN WEST             
10515,2,0,2,7532,112850,120159,MIDTOWN WEST             
10516,2,0,2,7532,112850,79892,MIDTOWN WEST             
10517,2,0,2,7532,112850,55846,MIDTOWN WEST             
10524,2,0,2,7532,112850,25130,MIDTOWN WEST             
10530,2,0,2,7532,112850,100,MIDTOWN WEST             
10549,2,0,2,7532,112850,47950,MIDTOWN WEST             
10563,2,0,2,7532,112850,116805,MIDTOWN WEST             
10564,2,0,2,7532,112850,40902,MIDTOWN WEST             
10565,2,0,2,7532,112850,41358,MIDTOWN WEST             
10566,2,0,2,7532,112850,55428,MIDTOWN WEST             
10567,2,0,2,7532,112850,57355,MIDTOWN WEST             
10568,2,0,2,7532,112850,53183,MIDTOWN WEST             
10569,2,0,2,7532,112850,118756,MIDTOWN WEST             
10570,2,0,2,7532,112850,61000,MIDTOWN WEST             
10571,2,0,2,7532,112850,41180,MIDTOWN WEST             
10572,2,0,2,7532,112850,57927,MIDTOWN WEST             
10573,2,0,2,7532,112850,58900,MIDTOWN WEST             
10574,2,0,2,7532,112850,192884,MIDTOWN WEST             
10575,2,0,2,7532,112850,75530,MIDTOWN WEST             
10576,2,0,2,7532,112850,57105,MIDTOWN WEST             
10577,2,0,2,7532,112850,116805,MIDTOWN WEST             
10578,2,0,2,7532,112850,116805,MIDTOWN WEST             
10579,2,0,2,7532,112850,59900,MIDTOWN WEST             
10580,2,0,2,7532,112850,56947,MIDTOWN WEST             
10581,2,0,2,7532,112850,41325,MIDTOWN WEST             
10582,2,0,2,7532,112850,90078,MIDTOWN WEST             
10598,2,0,2,7532,112850,51246,MIDTOWN WEST             
10609,2,0,2,7532,112850,25104,MIDTOWN WEST             
10611,2,0,2,7532,112850,25310,MIDTOWN WEST             
10612,2,0,2,7532,112850,126490,MIDTOWN WEST             
10613,2,0,2,7532,112850,116805,MIDTOWN WEST             
10614,2,0,2,7532,112850,59900,MIDTOWN WEST             
10615,2,0,2,7532,112850,60089,MIDTOWN WEST             
10616,2,0,2,7532,112850,55904,MIDTOWN WEST             
10617,2,0,2,7532,112850,59629,MIDTOWN WEST             
10618,2,0,2,7532,112850,58900,MIDTOWN WEST             
10619,2,0,2,7532,112850,114855,MIDTOWN WEST             
10620,2,0,2,7532,112850,54509,MIDTOWN WEST             
10621,2,0,2,7532,112850,60500,MIDTOWN WEST             
10622,2,0,2,7532,112850,58900,MIDTOWN WEST             
10623,2,0,2,7532,112850,96910,MIDTOWN WEST             
10624,2,0,2,7532,112850,83000,MIDTOWN WEST             
10625,2,0,2,7532,112850,114855,MIDTOWN WEST             
10626,2,0,2,7532,112850,55548,MIDTOWN WEST             
10627,2,0,2,7532,112850,51970,MIDTOWN WEST             
10628,2,0,2,7532,112850,83000,MIDTOWN WEST             
10629,2,0,2,7532,112850,40920,MIDTOWN WEST             
10630,2,0,2,7532,112850,52766,MIDTOWN WEST             
10631,2,0,2,7532,112850,114855,MIDTOWN WEST             
10632,2,0,2,7532,112850,40280,MIDTOWN WEST             
10633,2,0,2,7532,112850,114855,MIDTOWN WEST             
10634,2,0,2,7532,112850,56205,MIDTOWN WEST             
10641,2,0,2,7532,112850,21578,MIDTOWN WEST             
10644,2,0,2,7532,112850,100,MIDTOWN WEST             
10645,2,0,2,7532,112850,37000,MIDTOWN WEST             
10646,2,0,2,7532,112850,30650,MIDTOWN WEST             
10647,2,0,2,7532,112850,31000,MIDTOWN WEST             
10648,2,0,2,7532,112850,15000,MIDTOWN WEST             
10657,2,0,2,7532,112850,83000,MIDTOWN WEST             
10658,2,0,2,7532,112850,42400,MIDTOWN WEST             
10659,2,0,2,7532,112850,40705,MIDTOWN WEST             
10660,2,0,2,7532,112850,59900,MIDTOWN WEST             
10661,2,0,2,7532,112850,114855,MIDTOWN WEST             
10662,2,0,2,7532,112850,114863,MIDTOWN WEST             
10663,2,0,2,7532,112850,114855,MIDTOWN WEST             
10664,2,0,2,7532,112850,56096,MIDTOWN WEST             
10665,2,0,2,7532,112850,56020,MIDTOWN WEST             
10666,2,0,2,7532,112850,58805,MIDTOWN WEST             
10667,2,0,2,7532,112850,139230,MIDTOWN WEST             
10668,2,0,2,7532,112850,57203,MIDTOWN WEST             
10669,2,0,2,7532,112850,58900,MIDTOWN WEST             
10670,2,0,2,7532,112850,56205,MIDTOWN WEST             
10671,2,0,2,7532,112850,114855,MIDTOWN WEST             
10672,2,0,2,7532,112850,54777,MIDTOWN WEST             
10673,2,0,2,7532,112850,58900,MIDTOWN WEST             
10674,2,0,2,7532,112850,116805,MIDTOWN WEST             
10675,2,0,2,7532,112850,59900,MIDTOWN WEST             
10676,2,0,2,7532,112850,42400,MIDTOWN WEST             
10677,2,0,2,7532,112850,58900,MIDTOWN WEST             
10678,2,0,2,7532,112850,114855,MIDTOWN WEST             
10679,2,0,2,7532,112850,58900,MIDTOWN WEST             
10680,2,0,2,7532,112850,58900,MIDTOWN WEST             
10681,2,0,2,7532,112850,114855,MIDTOWN WEST             
10682,2,0,2,7532,112850,40801,MIDTOWN WEST             
10683,2,0,2,7532,112850,114855,MIDTOWN WEST             
10684,2,0,2,7532,112850,57355,MIDTOWN WEST             
10694,2,0,2,7532,112850,30689,MIDTOWN WEST             
10699,2,0,2,7532,112850,100,MIDTOWN WEST             
10702,1,0,1,14500,238818,191850000,MIDTOWN WEST             
10703,14,0,14,33266,461591,513024080,MIDTOWN WEST             
10704,2,0,2,12150,54568,11437750,MIDTOWN WEST             
10705,118,0,118,7100,52575,16857750,MIDTOWN WEST             
10706,1,0,1,3377,44836,30426000,MIDTOWN WEST             
10710,1,0,1,9700,52216,45780000,MIDTOWN WEST             
10717,1,0,1,7581,34462,24750000,MIDTOWN WEST             
12263,24,22,2,4500,18288,12400000,MORNINGSIDE HEIGHTS      
12264,24,22,2,4167,16428,9750000,MORNINGSIDE HEIGHTS      
12265,22,21,1,4158,16752,10500000,MORNINGSIDE HEIGHTS      
12266,24,23,1,4158,17127,10500000,MORNINGSIDE HEIGHTS      
12339,1,1,0,1580,4800,3375000,MURRAY HILL              
12340,1,1,0,495,2170,3625000,MURRAY HILL              
12341,3,2,1,1876,5781,6000000,MURRAY HILL              
12344,3,3,0,1679,4675,5375000,MURRAY HILL              
12345,9,8,1,1805,7588,5000000,MURRAY HILL              
12347,7,7,0,1975,4742,1,MURRAY HILL              
12349,9,9,0,1975,4417,6100000,MURRAY HILL              
12352,17,15,2,1679,6171,2350000,MURRAY HILL              
12354,30,28,2,4451,17124,550000,MURRAY HILL              
12355,30,28,2,4451,17124,730500,MURRAY HILL              
12358,7,7,0,1481,4375,4765000,MURRAY HILL              
12359,31,30,1,4938,20892,18500000,MURRAY HILL              
12362,7,7,0,1233,3689,4100000,MURRAY HILL              
12363,60,60,0,7406,28935,25816322,MURRAY HILL              
12364,4,4,0,1646,3350,3000000,MURRAY HILL              
12366,9,8,1,2000,6480,14050000,MURRAY HILL              
12367,28,27,1,2469,12726,5000000,MURRAY HILL              
12369,241,237,4,17485,236315,179000000,MURRAY HILL              
12370,25,24,1,3738,20101,13440000,MURRAY HILL              
12371,24,24,0,2710,13000,4750000,MURRAY HILL              
12372,71,71,0,8625,62188,43625000,MURRAY HILL              
12373,6,6,0,2074,8000,7070000,MURRAY HILL              
12374,17,16,1,2469,11300,9550000,MURRAY HILL              
12377,105,102,3,8150,66403,68250000,MURRAY HILL              
13070,8,6,2,2057,5997,5000000,MURRAY HILL              
13071,8,6,2,2300,9280,15500000,MURRAY HILL              
13072,5,4,1,1820,9807,8900000,MURRAY HILL              
13073,9,6,3,1786,8250,9133000,MURRAY HILL              
13075,4,3,1,1975,4820,9100000,MURRAY HILL              
13076,4,3,1,2469,5932,8003688,MURRAY HILL              
13077,4,3,1,1840,5244,4550000,MURRAY HILL              
13078,7,6,1,1469,3604,6500000,MURRAY HILL              
13079,4,3,1,1469,3604,26500000,MURRAY HILL              
13083,5,4,1,2000,7878,10000000,MURRAY HILL              
13095,6,0,6,4938,21885,25750000,MURRAY HILL              
13103,13,0,13,2469,26967,36000000,MURRAY HILL              
13105,30,0,30,12610,233484,185000000,MURRAY HILL              
13107,1,0,1,1901,5899,5500000,MURRAY HILL              
13109,10,1,9,3521,11362,3482812,MURRAY HILL              
13110,10,1,9,3521,11362,6965625,MURRAY HILL              
13111,10,1,9,3521,11362,8126562,MURRAY HILL              
13114,8,4,4,3504,8236,3500000,MURRAY HILL              
13116,1,0,1,1758,1758,1146666,MURRAY HILL              
13117,4,0,4,2600,8060,19500000,MURRAY HILL              
13118,6,0,6,2308,13392,36058750,MURRAY HILL              
13119,6,0,6,2308,13392,35124781,MURRAY HILL              
13120,29,0,29,10000,42485,102000000,MURRAY HILL              
13128,1,0,1,3160,21688,1531250,MURRAY HILL              
13129,1,0,1,3160,21688,4593750,MURRAY HILL              
13130,1,0,1,3160,21688,6125000,MURRAY HILL              
13131,1,0,1,3160,21688,12250000,MURRAY HILL              
13156,3,2,1,2192,5447,9907000,SOHO                     
13157,2,2,0,982,2052,6887278,SOHO                     
13159,2,2,0,1755,2239,6500000,SOHO                     
13160,3,2,1,2500,7000,32250000,SOHO                     
13162,3,2,1,1580,4440,7400000,SOHO                     
13165,2,2,0,2025,2880,6470000,SOHO                     
13166,3,3,0,1230,2808,10,SOHO                     
13167,3,3,0,1700,3272,4360000,SOHO                     
13168,9,8,1,1526,8621,17900000,SOHO                     
13169,18,16,2,2700,8992,8750000,SOHO                     
13170,10,7,3,1645,3520,17450000,SOHO                     
13171,4,4,0,1260,5049,7000000,SOHO                     
13174,30,30,0,4908,20195,2381000,SOHO                     
13175,30,30,0,4908,20195,730500,SOHO                     
13179,6,5,1,2508,11520,15000000,SOHO                     
13180,10,10,0,3080,18400,25000000,SOHO                     
13182,11,4,7,4237,25550,7816462,SOHO                     
13364,4,3,1,2010,7950,11000000,SOHO                     
13366,4,3,1,1110,4440,6400000,SOHO                     
13419,7,0,7,3010,13400,13800000,SOHO                     
13420,11,0,11,11067,47621,6613060,SOHO                     
13421,11,0,11,11067,47621,9899531,SOHO                     
13424,2,0,2,1347,5000,18750000,SOHO                     
13425,4,0,4,1879,4950,8500000,SOHO                     
13429,5,0,5,2800,12400,14450000,SOHO                     
13433,8,6,2,756,3024,3700000,SOHO                     
13436,1,0,1,1698,4410,9600000,SOHO                     
13437,1,0,1,1698,4410,4950000,SOHO                     
13438,1,0,1,3683,22519,26000000,SOHO                     
13440,1,0,1,2726,2755,13069734,SOHO                     
13441,1,0,1,1700,1600,4100000,SOHO                     
13471,1,1,0,458,2295,5250000,SOUTHBRIDGE              
13472,3,2,1,2924,5544,5000000,SOUTHBRIDGE              
13473,9,8,1,2160,10818,9800000,SOUTHBRIDGE              
13474,13,12,1,3480,31073,20500000,SOUTHBRIDGE              
13480,5,5,0,2627,15765,7200000,SOUTHBRIDGE              
13547,4,0,4,2734,12960,21000000,SOUTHBRIDGE              
13550,1,0,1,1880,7517,52000000,SOUTHBRIDGE              
13551,4,3,1,1640,6560,7100000,SOUTHBRIDGE              
13557,3,3,0,2279,6400,11165111,TRIBECA                  
13936,6,5,1,1434,6545,4000000,TRIBECA                  
13937,4,3,1,1525,6000,6300000,TRIBECA                  
13938,5,4,1,1613,7100,8500000,TRIBECA                  
13976,7,0,7,1405,8430,8925000,TRIBECA                  
14015,1,1,0,1807,5775,5118500,UPPER EAST SIDE (59-79)  
14016,1,1,0,1648,3840,8500000,UPPER EAST SIDE (59-79)  
14017,1,1,0,1607,4725,10500000,UPPER EAST SIDE (59-79)  
14018,1,1,0,1506,3964,6750000,UPPER EAST SIDE (59-79)  
14020,1,1,0,1992,6480,31000000,UPPER EAST SIDE (59-79)  
14021,1,1,0,4017,9408,37000000,UPPER EAST SIDE (59-79)  
14023,1,1,0,3615,7678,26050000,UPPER EAST SIDE (59-79)  
14025,1,1,0,2054,7290,14750000,UPPER EAST SIDE (59-79)  
14028,2,1,1,1771,4450,8950000,UPPER EAST SIDE (59-79)  
14029,1,1,0,2008,4000,7530000,UPPER EAST SIDE (59-79)  
14030,1,1,0,1808,4439,10875000,UPPER EAST SIDE (59-79)  
14031,1,1,0,1808,4750,5900000,UPPER EAST SIDE (59-79)  
14032,1,1,0,1900,3360,7200000,UPPER EAST SIDE (59-79)  
14033,1,1,0,2008,4369,13888000,UPPER EAST SIDE (59-79)  
14034,1,1,0,1121,3068,5250000,UPPER EAST SIDE (59-79)  
14035,1,1,0,1289,3898,7250000,UPPER EAST SIDE (59-79)  
14036,1,1,0,1289,3024,4600000,UPPER EAST SIDE (59-79)  
14037,2,1,1,1040,4500,6000000,UPPER EAST SIDE (59-79)  
14038,2,2,0,1707,7130,10000000,UPPER EAST SIDE (59-79)  
14039,3,2,1,1737,7286,18300000,UPPER EAST SIDE (59-79)  
14040,2,2,0,1737,8116,30000000,UPPER EAST SIDE (59-79)  
14041,2,2,0,2008,4000,8250000,UPPER EAST SIDE (59-79)  
14042,2,2,0,2092,5380,12475000,UPPER EAST SIDE (59-79)  
14043,2,2,0,1607,3456,8500000,UPPER EAST SIDE (59-79)  
14045,2,2,0,1632,3520,7300000,UPPER EAST SIDE (59-79)  
14046,2,2,0,1703,2880,7400000,UPPER EAST SIDE (59-79)  
14047,3,2,1,1533,4200,7825000,UPPER EAST SIDE (59-79)  
14048,2,2,0,1839,5400,9280000,UPPER EAST SIDE (59-79)  
14049,2,2,0,1916,3857,8700000,UPPER EAST SIDE (59-79)  
14050,2,2,0,2008,4000,6404300,UPPER EAST SIDE (59-79)  
14051,2,2,0,1121,3068,4585000,UPPER EAST SIDE (59-79)  
14055,2,2,0,1289,2268,4600000,UPPER EAST SIDE (59-79)  
14060,6,6,0,2510,6559,22250000,UPPER EAST SIDE (59-79)  
14061,14,10,4,2008,8960,16940000,UPPER EAST SIDE (59-79)  
14062,9,8,1,2008,6630,14000000,UPPER EAST SIDE (59-79)  
14063,5,5,0,2510,9444,22500000,UPPER EAST SIDE (59-79)  
14065,5,5,0,1839,6611,14118625,UPPER EAST SIDE (59-79)  
14066,19,18,1,2554,13176,17900000,UPPER EAST SIDE (59-79)  
14067,10,10,0,2145,9495,29700000,UPPER EAST SIDE (59-79)  
14068,4,4,0,2008,4032,185000000,UPPER EAST SIDE (59-79)  
14070,10,9,1,2554,11076,10100000,UPPER EAST SIDE (59-79)  
14071,16,12,4,3840,14039,7750000,UPPER EAST SIDE (59-79)  
14072,17,16,1,1916,9580,10000000,UPPER EAST SIDE (59-79)  
14073,18,16,2,2840,11100,15000000,UPPER EAST SIDE (59-79)  
14074,12,10,2,2554,7951,7425000,UPPER EAST SIDE (59-79)  
14075,10,9,1,2000,4320,5900000,UPPER EAST SIDE (59-79)  
14081,19,19,0,2812,8624,7400000,UPPER EAST SIDE (59-79)  
14082,19,17,2,2554,8395,12500000,UPPER EAST SIDE (59-79)  
14084,9,8,1,2377,8370,4700000,UPPER EAST SIDE (59-79)  
14085,9,8,1,2225,8620,9600000,UPPER EAST SIDE (59-79)  
14086,16,16,0,2554,8016,15341667,UPPER EAST SIDE (59-79)  
14089,19,17,2,2510,8350,6983103,UPPER EAST SIDE (59-79)  
14090,24,22,2,3186,12612,9400000,UPPER EAST SIDE (59-79)  
14092,24,22,2,2550,11036,7500000,UPPER EAST SIDE (59-79)  
14094,9,8,1,1875,7500,7000000,UPPER EAST SIDE (59-79)  
14097,31,30,1,5724,43801,120000000,UPPER EAST SIDE (59-79)  
14101,31,28,3,6068,26797,2567340,UPPER EAST SIDE (59-79)  
14102,31,28,3,6068,26797,24536100,UPPER EAST SIDE (59-79)  
14104,90,90,0,17574,70992,58000000,UPPER EAST SIDE (59-79)  
14105,52,51,1,5100,112541,7100000,UPPER EAST SIDE (59-79)  
14109,40,40,0,5020,19370,18250000,UPPER EAST SIDE (59-79)  
15596,4,2,2,1506,9350,19250000,UPPER EAST SIDE (59-79)  
15597,7,5,2,1460,5353,12000000,UPPER EAST SIDE (59-79)  
15598,5,3,2,1050,3500,7425000,UPPER EAST SIDE (59-79)  
15600,6,5,1,1707,9453,10500000,UPPER EAST SIDE (59-79)  
15820,17,0,17,5020,38052,85000000,UPPER EAST SIDE (59-79)  
15821,33,0,33,9087,149881,145000000,UPPER EAST SIDE (59-79)  
15822,1,0,1,2510,10345,27000000,UPPER EAST SIDE (59-79)  
15823,1,0,1,1707,5774,11440000,UPPER EAST SIDE (59-79)  
15824,1,0,1,1707,5384,10670000,UPPER EAST SIDE (59-79)  
15825,3,0,3,3012,14280,50250000,UPPER EAST SIDE (59-79)  
15826,1,0,1,2043,9420,28000000,UPPER EAST SIDE (59-79)  
15827,1,0,1,12050,170511,45000000,UPPER EAST SIDE (59-79)  
15829,60,0,60,6025,49815,1500000,UPPER EAST SIDE (59-79)  
15830,1,0,1,3515,9860,22000000,UPPER EAST SIDE (59-79)  
15831,5,0,5,1503,4512,16000000,UPPER EAST SIDE (59-79)  
15832,1,0,1,2554,5000,6414687,UPPER EAST SIDE (59-79)  
15833,2,0,2,1512,6216,33000000,UPPER EAST SIDE (59-79)  
15834,4,1,3,1600,4500,9750000,UPPER EAST SIDE (59-79)  
15835,4,1,3,1600,4500,5000000,UPPER EAST SIDE (59-79)  
15836,3,2,1,2773,8650,9500000,UPPER EAST SIDE (59-79)  
15839,1,0,1,2554,9525,32015000,UPPER EAST SIDE (59-79)  
15840,2,0,2,67965,168764,215000000,UPPER EAST SIDE (59-79)  
15841,2,0,2,67965,168764,1,UPPER EAST SIDE (59-79)  
15842,2,0,2,67965,168764,1,UPPER EAST SIDE (59-79)  
15906,2,1,1,2452,5760,15750000,UPPER EAST SIDE (79-96)  
15907,1,1,0,1706,7450,19850000,UPPER EAST SIDE (79-96)  
15908,1,1,0,1839,9000,14990000,UPPER EAST SIDE (79-96)  
15909,1,1,0,1913,5586,14000000,UPPER EAST SIDE (79-96)  
15913,1,1,0,1510,3300,10,UPPER EAST SIDE (79-96)  
15914,1,1,0,1510,3240,6665000,UPPER EAST SIDE (79-96)  
15915,2,1,1,1661,2880,4900000,UPPER EAST SIDE (79-96)  
15916,1,1,0,1533,4020,5250000,UPPER EAST SIDE (79-96)  
15917,1,1,0,2043,3760,5656703,UPPER EAST SIDE (79-96)  
15918,1,1,0,1831,2040,4650000,UPPER EAST SIDE (79-96)  
15919,1,1,0,2165,6298,8900000,UPPER EAST SIDE (79-96)  
15920,2,1,1,2150,5600,6500000,UPPER EAST SIDE (79-96)  
15923,2,2,0,2026,6150,22000000,UPPER EAST SIDE (79-96)  
15924,2,2,0,1510,3176,4500000,UPPER EAST SIDE (79-96)  
15925,2,2,0,1812,3808,5810000,UPPER EAST SIDE (79-96)  
15927,2,2,0,1216,3200,3900000,UPPER EAST SIDE (79-96)  
15928,2,2,0,1073,2304,3850000,UPPER EAST SIDE (79-96)  
15929,2,2,0,1888,2430,4250000,UPPER EAST SIDE (79-96)  
15930,3,3,0,1728,3768,5300000,UPPER EAST SIDE (79-96)  
15933,17,17,0,2043,7923,12750000,UPPER EAST SIDE (79-96)  
15935,10,10,0,1839,5139,7200000,UPPER EAST SIDE (79-96)  
15936,16,16,0,2554,7604,9050000,UPPER EAST SIDE (79-96)  
15938,10,10,0,2333,10785,9500000,UPPER EAST SIDE (79-96)  
15939,20,15,5,3550,15240,3580189,UPPER EAST SIDE (79-96)  
15942,14,14,0,2517,9855,13000000,UPPER EAST SIDE (79-96)  
15944,10,9,1,2265,9830,2381000,UPPER EAST SIDE (79-96)  
15948,26,24,2,4530,19825,15000000,UPPER EAST SIDE (79-96)  
15950,15,15,0,1888,3616,200000,UPPER EAST SIDE (79-96)  
15951,20,20,0,2596,11080,8948046,UPPER EAST SIDE (79-96)  
15953,5,5,0,2013,10000,5200000,UPPER EAST SIDE (79-96)  
15959,20,19,1,2554,8395,8252759,UPPER EAST SIDE (79-96)  
15960,20,20,0,2554,10075,10701379,UPPER EAST SIDE (79-96)  
15961,16,15,1,2554,9345,6400000,UPPER EAST SIDE (79-96)  
15962,10,10,0,1007,3628,2500000,UPPER EAST SIDE (79-96)  
15964,20,20,0,2516,9760,6100000,UPPER EAST SIDE (79-96)  
15966,15,15,0,2517,8960,13300000,UPPER EAST SIDE (79-96)  
15967,42,40,2,5116,21640,14525000,UPPER EAST SIDE (79-96)  
15968,11,11,0,2517,8600,5900000,UPPER EAST SIDE (79-96)  
15969,10,10,0,2517,8540,4750000,UPPER EAST SIDE (79-96)  
15972,10,10,0,2043,8202,5560000,UPPER EAST SIDE (79-96)  
15973,20,20,0,2517,8590,6500000,UPPER EAST SIDE (79-96)  
15975,15,15,0,2554,9185,6000000,UPPER EAST SIDE (79-96)  
15978,20,20,0,2517,8420,8373678,UPPER EAST SIDE (79-96)  
15979,8,8,0,3017,15624,36400000,UPPER EAST SIDE (79-96)  
15980,154,149,5,13877,128132,90000000,UPPER EAST SIDE (79-96)  
15981,233,230,3,11340,205261,218000000,UPPER EAST SIDE (79-96)  
15982,63,63,0,6640,25700,26500000,UPPER EAST SIDE (79-96)  
15985,15,14,1,2554,10606,12200000,UPPER EAST SIDE (79-96)  
15986,65,64,1,8173,34300,30750000,UPPER EAST SIDE (79-96)  
15987,698,695,3,62965,690703,395000000,UPPER EAST SIDE (79-96)  
15988,200,199,1,10070,209730,158500000,UPPER EAST SIDE (79-96)  
15990,26,26,0,3523,16243,4750000,UPPER EAST SIDE (79-96)  
15991,49,49,0,5136,21078,19250000,UPPER EAST SIDE (79-96)  
15992,43,40,3,7550,34792,32500000,UPPER EAST SIDE (79-96)  
15993,13,12,1,1657,9450,6100000,UPPER EAST SIDE (79-96)  
17357,4,3,1,1394,6099,23000000,UPPER EAST SIDE (79-96)  
17358,8,6,2,1653,5808,4000000,UPPER EAST SIDE (79-96)  
17360,8,6,2,1875,6100,14750000,UPPER EAST SIDE (79-96)  
17391,7,0,7,2075,8600,10250000,UPPER EAST SIDE (79-96)  
17395,1,0,1,7662,43512,910000,UPPER EAST SIDE (79-96)  
17398,1,0,1,5035,14405,22000000,UPPER EAST SIDE (79-96)  
17400,1,0,1,21995,170000,105500000,UPPER EAST SIDE (79-96)  
17401,1,0,1,2573,13492,17750000,UPPER EAST SIDE (79-96)  
17403,2,0,2,7720,21000,85500000,UPPER EAST SIDE (79-96)  
17441,30,30,0,5046,20905,1708455,UPPER EAST SIDE (96-110) 
17443,6,5,1,1900,9825,750000,UPPER EAST SIDE (96-110) 
17515,1,1,0,2000,5513,11100000,UPPER WEST SIDE (59-79)  
17516,1,1,0,1908,5529,11000000,UPPER WEST SIDE (59-79)  
17521,2,2,0,1707,5498,11900000,UPPER WEST SIDE (59-79)  
17522,2,2,0,1808,4836,5581875,UPPER WEST SIDE (59-79)  
17523,3,3,0,2043,5213,8725000,UPPER WEST SIDE (59-79)  
17528,10,10,0,2146,6673,11350000,UPPER WEST SIDE (59-79)  
17530,11,11,0,2043,6465,9100000,UPPER WEST SIDE (59-79)  
17533,8,8,0,2043,5018,6550000,UPPER WEST SIDE (59-79)  
17534,10,10,0,2043,6035,6500000,UPPER WEST SIDE (59-79)  
17535,8,7,1,963,5277,10000000,UPPER WEST SIDE (59-79)  
17536,5,5,0,1506,4595,6000000,UPPER WEST SIDE (59-79)  
17537,6,6,0,1839,5273,6500000,UPPER WEST SIDE (59-79)  
17539,10,10,0,1700,5440,2725000,UPPER WEST SIDE (59-79)  
17540,8,8,0,1941,3284,4865000,UPPER WEST SIDE (59-79)  
17542,10,10,0,1635,4960,3600000,UPPER WEST SIDE (59-79)  
17544,9,9,0,2200,5945,1257920,UPPER WEST SIDE (59-79)  
17547,10,10,0,2300,6221,1257920,UPPER WEST SIDE (59-79)  
17548,10,10,0,2043,6035,4500000,UPPER WEST SIDE (59-79)  
17549,10,10,0,2043,5360,4000000,UPPER WEST SIDE (59-79)  
17550,10,10,0,1450,5746,7000000,UPPER WEST SIDE (59-79)  
17552,5,5,0,2008,4932,14000000,UPPER WEST SIDE (59-79)  
17783,31,31,0,5108,58723,13959,UPPER WEST SIDE (59-79)  
18690,5,4,1,1377,4080,6650000,UPPER WEST SIDE (59-79)  
18737,508,508,0,120650,471630,56000,UPPER WEST SIDE (59-79)  
18934,5,0,5,22575,139761,300000000,UPPER WEST SIDE (59-79)  
18935,3,0,3,2687,5025,13250000,UPPER WEST SIDE (59-79)  
18936,3,0,3,2687,5025,825000,UPPER WEST SIDE (59-79)  
18937,1,0,1,7663,41850,63000000,UPPER WEST SIDE (59-79)  
18940,2,0,2,7500,10030,45000000,UPPER WEST SIDE (59-79)  
19082,1,1,0,2217,6252,25000000,UPPER WEST SIDE (79-96)  
19091,1,1,0,1812,3240,5771000,UPPER WEST SIDE (79-96)  
19092,1,1,0,1703,2976,6100000,UPPER WEST SIDE (79-96)  
19093,2,2,0,2350,7040,15000000,UPPER WEST SIDE (79-96)  
19094,2,2,0,1533,3600,1,UPPER WEST SIDE (79-96)  
19096,2,2,0,1300,2920,4400000,UPPER WEST SIDE (79-96)  
19097,2,2,0,1812,4812,6435000,UPPER WEST SIDE (79-96)  
19098,2,2,0,1711,3400,5400000,UPPER WEST SIDE (79-96)  
19100,3,3,0,2013,6340,8300000,UPPER WEST SIDE (79-96)  
19101,3,3,0,1762,3400,6100000,UPPER WEST SIDE (79-96)  
19102,3,3,0,1800,5448,5675000,UPPER WEST SIDE (79-96)  
19105,10,10,0,2554,7520,12199999,UPPER WEST SIDE (79-96)  
19106,5,5,0,1737,4865,6181500,UPPER WEST SIDE (79-96)  
19111,10,10,0,2014,6366,10,UPPER WEST SIDE (79-96)  
19112,7,7,0,2216,6498,15500000,UPPER WEST SIDE (79-96)  
19113,6,6,0,2013,6420,8300000,UPPER WEST SIDE (79-96)  
19114,10,10,0,2013,6410,6200000,UPPER WEST SIDE (79-96)  
19115,10,10,0,2315,6783,5600000,UPPER WEST SIDE (79-96)  
19116,10,10,0,2315,6783,5200000,UPPER WEST SIDE (79-96)  
19117,10,10,0,2315,6956,5600000,UPPER WEST SIDE (79-96)  
19118,10,10,0,2013,6570,6200000,UPPER WEST SIDE (79-96)  
19119,7,7,0,2000,7170,8000000,UPPER WEST SIDE (79-96)  
19122,10,10,0,1913,6270,5200000,UPPER WEST SIDE (79-96)  
19123,10,10,0,2114,5570,3863437,UPPER WEST SIDE (79-96)  
19125,4,4,0,1888,5210,6400000,UPPER WEST SIDE (79-96)  
19126,4,4,0,1812,5096,5000000,UPPER WEST SIDE (79-96)  
19127,6,6,0,1812,4216,5025000,UPPER WEST SIDE (79-96)  
19129,4,4,0,1941,5225,10000000,UPPER WEST SIDE (79-96)  
19130,5,5,0,1717,3984,4000000,UPPER WEST SIDE (79-96)  
19131,8,8,0,2013,4496,4980000,UPPER WEST SIDE (79-96)  
19132,7,7,0,1862,6597,5500000,UPPER WEST SIDE (79-96)  
19135,8,8,0,1742,4148,4500000,UPPER WEST SIDE (79-96)  
19137,9,8,1,2150,8550,267495,UPPER WEST SIDE (79-96)  
19139,8,8,0,2086,7115,6988959,UPPER WEST SIDE (79-96)  
19142,7,7,0,2014,5885,12500000,UPPER WEST SIDE (79-96)  
19143,9,9,0,2013,5416,11900000,UPPER WEST SIDE (79-96)  
19145,29,29,0,6040,19290,1399050,UPPER WEST SIDE (79-96)  
19146,60,60,0,7662,49977,41500000,UPPER WEST SIDE (79-96)  
19149,38,35,3,10437,23952,39000000,UPPER WEST SIDE (79-96)  
19223,9,9,0,2013,5116,300000,UPPER WEST SIDE (79-96)  
19918,6,5,1,2050,4480,5100000,UPPER WEST SIDE (79-96)  
19979,1,0,1,2554,6150,8500000,UPPER WEST SIDE (79-96)  
19980,3,0,3,5000,13750,16000000,UPPER WEST SIDE (79-96)  
19983,2,0,2,3950,9900,25668750,UPPER WEST SIDE (79-96)  
19984,1,0,1,6025,25704,15000000,UPPER WEST SIDE (79-96)  
19989,2,0,2,6575,27044,28000000,UPPER WEST SIDE (79-96)  
19990,2,0,2,8071,33596,50000000,UPPER WEST SIDE (79-96)  
19996,3,3,0,2292,8007,10,UPPER WEST SIDE (96-116) 
19997,3,3,0,2292,8007,10,UPPER WEST SIDE (96-116) 
19998,3,3,0,2292,8007,10,UPPER WEST SIDE (96-116) 
20006,20,20,0,3785,12775,7800000,UPPER WEST SIDE (96-116) 
20007,4,4,0,1716,5787,6250000,UPPER WEST SIDE (96-116) 
20008,8,8,0,2018,7302,2925000,UPPER WEST SIDE (96-116) 
20009,10,10,0,2018,8526,371316,UPPER WEST SIDE (96-116) 
20011,10,10,0,2220,7029,7550000,UPPER WEST SIDE (96-116) 
20012,9,9,0,1817,8405,2450000,UPPER WEST SIDE (96-116) 
20016,36,36,0,8880,37932,16200000,UPPER WEST SIDE (96-116) 
20017,39,38,1,10092,47832,37350000,UPPER WEST SIDE (96-116) 
20018,48,48,0,10092,42186,27500000,UPPER WEST SIDE (96-116) 
20019,30,28,2,7092,31644,24100000,UPPER WEST SIDE (96-116) 
20418,2,0,2,4390,14141,11750000,UPPER WEST SIDE (96-116) 
20421,1,1,0,799,1755,914500,WASHINGTON HEIGHTS LOWER 
20422,2,2,0,713,1500,1091500,WASHINGTON HEIGHTS LOWER 
20423,2,2,0,2081,3744,2377000,WASHINGTON HEIGHTS LOWER 
20424,3,2,1,2492,5560,1300000,WASHINGTON HEIGHTS LOWER 
20425,2,2,0,2000,3000,849000,WASHINGTON HEIGHTS LOWER 
20426,3,3,0,1900,3125,1650000,WASHINGTON HEIGHTS LOWER 
20427,3,3,0,1643,2052,843000,WASHINGTON HEIGHTS LOWER 
20428,3,3,0,1416,2592,995000,WASHINGTON HEIGHTS LOWER 
20431,8,8,0,1168,3152,2060500,WASHINGTON HEIGHTS LOWER 
20432,8,8,0,1168,3152,2000000,WASHINGTON HEIGHTS LOWER 
20433,30,25,5,4231,20051,5900000,WASHINGTON HEIGHTS LOWER 
20434,14,12,2,3400,17583,7850000,WASHINGTON HEIGHTS LOWER 
20436,30,30,0,5625,21708,5500000,WASHINGTON HEIGHTS LOWER 
20437,21,21,0,2645,9795,1462706,WASHINGTON HEIGHTS LOWER 
20438,21,21,0,4996,17670,10100000,WASHINGTON HEIGHTS LOWER 
20440,46,46,0,4996,19740,6000000,WASHINGTON HEIGHTS LOWER 
20442,30,30,0,4985,21450,13000000,WASHINGTON HEIGHTS LOWER 
20443,16,16,0,4163,14540,645000,WASHINGTON HEIGHTS LOWER 
20446,16,16,0,4163,14540,6450000,WASHINGTON HEIGHTS LOWER 
20447,25,25,0,4996,17905,3050000,WASHINGTON HEIGHTS LOWER 
20448,20,20,0,4163,14790,330000,WASHINGTON HEIGHTS LOWER 
20449,20,20,0,4163,14790,3300000,WASHINGTON HEIGHTS LOWER 
20450,24,24,0,4328,16182,4300000,WASHINGTON HEIGHTS LOWER 
20451,31,31,0,4996,20940,5400000,WASHINGTON HEIGHTS LOWER 
20452,24,24,0,4496,18810,525000,WASHINGTON HEIGHTS LOWER 
20453,24,24,0,4496,18810,5250000,WASHINGTON HEIGHTS LOWER 
20454,8,8,0,1890,4739,109594,WASHINGTON HEIGHTS LOWER 
20455,13,12,1,3000,11355,2985000,WASHINGTON HEIGHTS LOWER 
20458,13,12,1,3000,11355,4950000,WASHINGTON HEIGHTS LOWER 
20461,16,14,2,2800,10602,6300000,WASHINGTON HEIGHTS LOWER 
20462,31,31,0,7994,28025,14000000,WASHINGTON HEIGHTS LOWER 
20464,22,22,0,3800,12800,6400000,WASHINGTON HEIGHTS LOWER 
20466,4,4,0,1583,1998,900000,WASHINGTON HEIGHTS LOWER 
20467,24,24,0,4250,17754,3200000,WASHINGTON HEIGHTS LOWER 
20468,27,24,3,5375,22385,3800000,WASHINGTON HEIGHTS LOWER 
20470,25,25,0,5000,18005,3600000,WASHINGTON HEIGHTS LOWER 
20471,7,7,0,1800,3882,1020000,WASHINGTON HEIGHTS LOWER 
20472,21,18,3,4400,15656,3465000,WASHINGTON HEIGHTS LOWER 
20474,25,25,0,4490,16165,52208,WASHINGTON HEIGHTS LOWER 
20475,26,21,5,4800,20170,5650000,WASHINGTON HEIGHTS LOWER 
20477,30,30,0,6531,21735,13000000,WASHINGTON HEIGHTS LOWER 
20478,16,12,4,3650,14809,6100000,WASHINGTON HEIGHTS LOWER 
20479,54,54,0,16598,47930,11208000,WASHINGTON HEIGHTS LOWER 
20480,62,60,2,9694,37170,11500000,WASHINGTON HEIGHTS LOWER 
20481,32,32,0,7375,36125,8500000,WASHINGTON HEIGHTS LOWER 
20482,31,31,0,7315,26005,6678171,WASHINGTON HEIGHTS LOWER 
20483,25,25,0,6206,22585,5591027,WASHINGTON HEIGHTS LOWER 
20484,26,26,0,6206,22585,5021570,WASHINGTON HEIGHTS LOWER 
20485,31,31,0,7294,25400,5849871,WASHINGTON HEIGHTS LOWER 
20486,30,30,0,7294,25400,6859361,WASHINGTON HEIGHTS LOWER 
20488,21,21,0,4192,14665,7500000,WASHINGTON HEIGHTS LOWER 
20489,17,17,0,13301,55740,15500000,WASHINGTON HEIGHTS LOWER 
20490,24,21,3,5225,25296,5700000,WASHINGTON HEIGHTS LOWER 
20491,43,38,5,9992,43748,15000000,WASHINGTON HEIGHTS LOWER 
20492,45,39,6,9992,46309,14750000,WASHINGTON HEIGHTS LOWER 
20494,42,40,2,13974,51550,14400000,WASHINGTON HEIGHTS LOWER 
20495,54,54,0,13239,56634,9992000,WASHINGTON HEIGHTS LOWER 
20496,49,48,1,10000,44748,9725000,WASHINGTON HEIGHTS LOWER 
20497,38,38,0,2512,13350,5100000,WASHINGTON HEIGHTS LOWER 
20499,49,49,0,12490,53034,13000000,WASHINGTON HEIGHTS LOWER 
20571,43,43,0,12789,59805,9000000,WASHINGTON HEIGHTS LOWER 
20574,78,74,4,7900,78425,42000000,WASHINGTON HEIGHTS LOWER 
20659,4,0,4,2500,3000,2350000,WASHINGTON HEIGHTS LOWER 
20660,2,0,2,2492,5432,2100000,WASHINGTON HEIGHTS LOWER 
20665,1,0,1,9992,29776,6599500,WASHINGTON HEIGHTS LOWER 
20666,1,0,1,2500,500,550000,WASHINGTON HEIGHTS LOWER 
20667,3,0,3,7500,15000,2972120,WASHINGTON HEIGHTS LOWER 
20679,3,3,0,2248,1866,832000,WASHINGTON HEIGHTS UPPER 
20682,8,8,0,1248,2050,250000,WASHINGTON HEIGHTS UPPER 
20683,18,16,2,5000,15592,5150000,WASHINGTON HEIGHTS UPPER 
20687,16,14,2,3495,14583,12125000,WASHINGTON HEIGHTS UPPER 
20688,4,4,0,1199,2590,400000,WASHINGTON HEIGHTS UPPER 
20689,31,28,3,5000,21262,5225000,WASHINGTON HEIGHTS UPPER 
20690,9,9,0,1413,2164,726152,WASHINGTON HEIGHTS UPPER 
20692,4,4,0,1109,2103,900000,WASHINGTON HEIGHTS UPPER 
20693,31,27,4,5750,23580,5988000,WASHINGTON HEIGHTS UPPER 
20694,43,40,3,10000,37860,8982000,WASHINGTON HEIGHTS UPPER 
20696,21,21,0,3500,11605,4500000,WASHINGTON HEIGHTS UPPER 
20697,27,23,4,5800,23835,1200000,WASHINGTON HEIGHTS UPPER 
20698,31,31,0,6210,22840,5150000,WASHINGTON HEIGHTS UPPER 
20699,5,5,0,1873,2420,500000,WASHINGTON HEIGHTS UPPER 
20700,20,20,0,4900,17480,6500000,WASHINGTON HEIGHTS UPPER 
20704,62,62,0,13500,55595,2087500,WASHINGTON HEIGHTS UPPER 
20705,26,25,1,6250,21080,4025000,WASHINGTON HEIGHTS UPPER 
20706,25,25,0,6400,21080,3950000,WASHINGTON HEIGHTS UPPER 
20707,29,29,0,7700,26980,16000000,WASHINGTON HEIGHTS UPPER 
20710,38,38,0,7500,30155,4945000,WASHINGTON HEIGHTS UPPER 
20711,26,26,0,5250,18500,687225,WASHINGTON HEIGHTS UPPER 
20712,26,26,0,5250,18500,324576,WASHINGTON HEIGHTS UPPER 
20713,26,26,0,5250,18500,162288,WASHINGTON HEIGHTS UPPER 
20715,44,40,4,16500,35710,8000000,WASHINGTON HEIGHTS UPPER 
20717,72,72,0,15000,52920,10300000,WASHINGTON HEIGHTS UPPER 
20719,15,15,0,2970,10245,5000000,WASHINGTON HEIGHTS UPPER 
20721,21,21,0,2970,10365,9400000,WASHINGTON HEIGHTS UPPER 
20727,25,25,0,5775,23400,5700000,WASHINGTON HEIGHTS UPPER 
20728,74,69,5,12400,54003,18650000,WASHINGTON HEIGHTS UPPER 
20729,37,36,1,10300,39578,9000000,WASHINGTON HEIGHTS UPPER 
20730,54,54,0,7494,41736,7900000,WASHINGTON HEIGHTS UPPER 
20731,95,94,1,18211,80263,18000000,WASHINGTON HEIGHTS UPPER 
20732,95,95,0,18211,79482,18000000,WASHINGTON HEIGHTS UPPER 
20734,57,52,5,12400,51144,16000000,WASHINGTON HEIGHTS UPPER 
21046,7,5,2,1875,4448,1300000,WASHINGTON HEIGHTS UPPER 
21050,20,0,20,16025,25865,36700000,WASHINGTON HEIGHTS UPPER 
21051,10,0,10,15983,28960,10500000,WASHINGTON HEIGHTS UPPER 
21055,2,0,2,3475,2722,3500000,WASHINGTON HEIGHTS UPPER 
21056,2,0,2,10000,29460,3828380,WASHINGTON HEIGHTS UPPER 
